 	id_old	skill	hazard	hours	production	salary	prof_ohe	equip_ohe	prod_ty
0	1	2	1.0	180	1950	15981.32255039987	000000001	100000000	10.833333333333334
1	2	2	1.0	228	1950	27051.05639407837	000000001	100000000	8.552631578947368
2	3	2	1.0	252	1950	32585.923315917637	000000001	100000000	7.738095238095238
3	4	2	3.3	240	1950	35376.91943464584	000000001	000000010	8.125
4	5	2	3.3	252	1950	38144.35289556546	000001000	000000010	7.738095238095238
5	6	2	3.3	264	1950	40911.786356485085	000000001	000000010	7.386363636363637
6	7	2	3.3	240	1950	35376.91943464584	000001000	000000010	8.125
7	8	2	3.3	240	1950	35376.91943464584	000000001	000000010	8.125
8	9	2	3.3	288	1950	46446.653278324346	000000001	000000010	6.770833333333333
9	10	2	3.3	240	1950	35376.91943464584	000001000	000000010	8.125
10	11	2	3.3	180	1950	21539.752130047702	000001000	000000010	10.833333333333334
11	12	2	3.3	192	1950	24307.185590967325	000000001	000000010	10.15625
12	13	2	3.3	204	1950	27074.619051886948	000000001	000000010	9.558823529411764
13	14	2	3.3	216	1950	29842.05251280658	000001000	000000010	9.027777777777779
14	15	2	3.3	228	1950	32609.4859737262	000000001	000000010	8.552631578947368
15	16	2	3.3	228	1950	32609.4859737262	000001000	000000010	8.552631578947368
19	20	3	1.0	240	1950	32610.276570991	000000001	100000000	8.125
26	27	3	3.3	240	1950	38168.70615063884	000001000	000000010	8.125
48	49	4	3.4	216	1950	35667.29679608163	001000000	000010000	9.027777777777779
50	51	4	3.4	240	1950	41202.16371792088	000000100	000010000	8.125
56	57	4	3.1	228	1950	37709.717703134156	000100000	000010000	8.552631578947368
58	59	4	3.4	204	1950	32899.86333516201	001000000	000010000	9.558823529411764
76	77	4	3.2	264	1950	46253.68893718207	000000010	000000010	7.386363636363637
79	80	4	3.2	192	1950	29649.08817166432	000000010	000000010	10.15625
90	91	4	3.3	228	1950	38193.05940571222	000001000	000000001	8.552631578947368
99	100	5	3.3	216	1950	38217.4126607856	100000000	010000000	9.027777777777779
112	113	5	2.0	252	1950	43377.991976787016	000010000	001000000	7.738095238095238
113	114	5	2.0	204	1950	32308.258133108495	000010000	001000000	9.558823529411764
115	116	5	3.4	216	1950	38459.083512074634	001000000	000010000	9.027777777777779
118	119	5	3.4	276	1950	52296.25081667278	001000000	000001000	7.065217391304348
130	131	5	3.4	204	1950	35691.65005115501	001000000	000000100	9.558823529411764
143	144	6	3.4	276	1950	55088.03753266578	001000000	000010000	7.065217391304348
144	145	6	3.4	228	1950	44018.303688987275	001000000	000010000	8.552631578947368
145	146	6	3.4	228	1950	44018.303688987275	001000000	000010000	8.552631578947368
148	149	6	3.3	216	1950	41009.19937677862	100000000	000000010	9.027777777777779
150	151	6	3.3	300	1950	60381.233603215995	100000000	000000001	6.5
159	160	7	1.0	252	1950	46544.856895882665	010000000	000100000	7.738095238095238
161	162	7	3.4	228	1950	46810.09040498028	001000000	000010000	8.552631578947368
171	172	7	3.3	252	1950	52103.28647553049	100000000	000000010	7.738095238095238
172	173	7	3.3	276	1950	57638.15339736975	100000000	000000010	7.065217391304348
179	180	7	3.3	204	1950	41033.552631851984	100000000	000000001	9.558823529411764
182	183	8	1.0	264	1950	52104.077072795306	010000000	000100000	7.386363636363637
183	184	8	1.0	216	1950	41034.343229116785	010000000	000100000	9.027777777777779
184	185	8	3.4	228	1950	49601.87712097328	001000000	000010000	8.552631578947368
185	186	8	3.4	192	1950	41299.57673821441	001000000	000010000	10.15625
186	187	8	3.4	228	1950	49601.87712097328	001000000	000010000	8.552631578947368
187	188	8	3.4	240	1950	52369.31058189292	001000000	000010000	8.125
188	189	8	3.4	288	1950	63439.044425571425	001000000	000010000	6.770833333333333
189	190	8	3.4	240	1950	52369.31058189292	001000000	000010000	8.125
190	191	8	3.3	204	1950	43825.339347845	100000000	000000010	9.558823529411764
191	192	8	3.3	240	1950	52127.639730603885	100000000	000000010	8.125
192	193	8	3.3	288	1950	63197.37357428239	100000000	000000010	6.770833333333333
193	194	8	3.3	228	1950	49360.20626968425	100000000	000000010	8.552631578947368
194	195	8	3.3	228	1950	49360.20626968425	100000000	000000010	8.552631578947368
195	196	8	3.3	216	1950	46592.772808764625	100000000	000000010	9.027777777777779
196	197	8	3.3	228	1950	49360.20626968425	100000000	000000001	8.552631578947368
197	198	8	3.3	228	1950	49360.20626968425	100000000	000000001	8.552631578947368
198	199	8	3.3	252	1950	54895.07319152351	100000000	000000001	7.738095238095238
199	200	8	3.3	252	1950	54895.07319152351	100000000	000000001	7.738095238095238
200	201	2	1.0	204	1460	20434.037910843268	000000001	100000000	7.1568627450980395
201	202	2	1.0	204	1460	20434.037910843268	000000001	100000000	7.1568627450980395
202	203	2	1.0	204	1460	20434.037910843268	000000001	100000000	7.1568627450980395
203	204	2	3.3	144	1460	12155.300185892971	000000001	000000010	10.13888888888889
204	205	2	3.3	156	1460	14922.733646812601	000001000	000000010	9.35897435897436
205	206	2	3.3	168	1460	17690.167107732224	000000001	000000010	8.69047619047619
206	207	2	3.3	156	1460	14922.733646812601	000001000	000000010	9.35897435897436
207	208	2	3.3	180	1460	20457.600568651855	000000001	000000010	8.11111111111111
208	209	2	3.3	192	1460	23225.034029571478	000000001	000000010	7.604166666666667
209	210	2	3.3	180	1460	20457.600568651855	000001000	000000010	8.11111111111111
210	211	2	3.3	204	1460	25992.4674904911	000001000	000000010	7.1568627450980395
211	212	2	3.3	168	1460	17690.167107732224	000000001	000000010	8.69047619047619
212	213	2	3.3	216	1460	28759.90095141073	000000001	000000010	6.7592592592592595
213	214	2	3.3	144	1460	12155.300185892971	000001000	000000010	10.13888888888889
214	215	2	3.3	192	1460	23225.034029571478	000000001	000000010	7.604166666666667
215	216	2	3.3	192	1460	23225.034029571478	000001000	000000010	7.604166666666667
219	220	3	1.0	168	1460	14923.524244077402	000000001	100000000	8.69047619047619
226	227	3	3.3	180	1460	23249.387284644865	000001000	000000010	8.11111111111111
248	249	4	3.4	192	1460	29050.278312846538	001000000	000010000	7.604166666666667
250	251	4	3.4	168	1460	23515.411391007285	000000100	000010000	8.69047619047619
256	257	4	3.1	216	1460	33860.132680818686	000100000	000010000	6.7592592592592595
258	259	4	3.4	192	1460	29050.278312846538	001000000	000010000	7.604166666666667
276	277	4	3.2	168	1460	23032.069688429212	000000010	000000010	8.69047619047619
279	280	4	3.2	180	1460	25799.503149348842	000000010	000000010	8.11111111111111
290	291	4	3.3	144	1460	17738.87361787899	000001000	000000001	10.13888888888889
299	300	5	3.3	168	1460	26065.527255711248	100000000	010000000	8.69047619047619
312	313	5	2.0	180	1460	25691.23964987341	000010000	001000000	8.11111111111111
313	314	5	2.0	192	1460	28458.673110793025	000010000	001000000	7.604166666666667
315	316	5	3.4	180	1460	29074.631567919918	001000000	000010000	8.11111111111111
318	319	5	3.4	156	1460	23539.764646080665	001000000	000001000	9.35897435897436
330	331	5	3.4	168	1460	26307.198107000288	001000000	000000100	8.69047619047619
343	344	6	3.4	156	1460	26331.551362073675	001000000	000010000	9.35897435897436
344	345	6	3.4	156	1460	26331.551362073675	001000000	000010000	9.35897435897436
345	346	6	3.4	180	1460	31866.41828391292	001000000	000010000	8.11111111111111
348	349	6	3.3	192	1460	34392.18089354351	100000000	000000010	7.604166666666667
350	351	6	3.3	168	1460	28857.313971704265	100000000	000000001	8.69047619047619
359	360	7	1.0	192	1460	31625.538029888674	010000000	000100000	7.604166666666667
361	362	7	3.4	156	1460	29123.338078066678	001000000	000010000	9.35897435897436
371	372	7	3.3	156	1460	28881.667226777645	100000000	000000010	9.35897435897436
372	373	7	3.3	180	1460	34416.534148616905	100000000	000000010	8.11111111111111
379	380	7	3.3	144	1460	26114.233765858015	100000000	000000001	10.13888888888889
382	383	8	1.0	180	1460	31649.89128496207	010000000	000100000	8.11111111111111
383	384	8	1.0	144	1460	23347.590902203192	010000000	000100000	10.13888888888889
384	385	8	3.4	180	1460	37449.99171589894	001000000	000010000	8.11111111111111
385	386	8	3.4	144	1460	29147.691333140057	001000000	000010000	10.13888888888889
386	387	8	3.4	192	1460	40217.425176818564	001000000	000010000	7.604166666666667
387	388	8	3.4	216	1460	45752.29209865781	001000000	000010000	6.7592592592592595
388	389	8	3.4	156	1460	31915.12479405968	001000000	000010000	9.35897435897436
389	390	8	3.4	192	1460	40217.425176818564	001000000	000010000	7.604166666666667
390	391	8	3.3	156	1460	31673.453942770648	100000000	000000010	9.35897435897436
391	392	8	3.3	180	1460	37208.32086460991	100000000	000000010	8.11111111111111
392	393	8	3.3	180	1460	37208.32086460991	100000000	000000010	8.11111111111111
393	394	8	3.3	180	1460	37208.32086460991	100000000	000000010	8.11111111111111
394	395	8	3.3	132	1460	26138.5870209314	100000000	000000010	11.06060606060606
395	396	8	3.3	192	1460	39975.75432552953	100000000	000000010	7.604166666666667
396	397	8	3.3	156	1460	31673.453942770648	100000000	000000001	9.35897435897436
397	398	8	3.3	192	1460	39975.75432552953	100000000	000000001	7.604166666666667
398	399	8	3.3	204	1460	42743.187786449154	100000000	000000001	7.1568627450980395
399	400	8	3.3	180	1460	37208.32086460991	100000000	000000001	8.11111111111111
400	401	2	1.0	192	1430	17600.35027269533	000000001	100000000	7.447916666666667
401	402	2	1.0	180	1430	14832.916811775707	000000001	100000000	7.944444444444445
402	403	2	1.0	192	1430	17600.35027269533	000000001	100000000	7.447916666666667
403	404	2	3.3	192	1430	23158.779852343163	000000001	000000010	7.447916666666667
404	405	2	3.3	180	1430	20391.34639142354	000001000	000000010	7.944444444444445
405	406	2	3.3	180	1430	20391.34639142354	000000001	000000010	7.944444444444445
406	407	2	3.3	156	1430	14856.479469584287	000001000	000000010	9.166666666666666
407	408	2	3.3	168	1430	17623.91293050391	000000001	000000010	8.511904761904763
408	409	2	3.3	180	1430	20391.34639142354	000000001	000000010	7.944444444444445
409	410	2	3.3	156	1430	14856.479469584287	000001000	000000010	9.166666666666666
410	411	2	3.3	168	1430	17623.91293050391	000001000	000000010	8.511904761904763
411	412	2	3.3	168	1430	17623.91293050391	000000001	000000010	8.511904761904763
412	413	2	3.3	168	1430	17623.91293050391	000000001	000000010	8.511904761904763
413	414	2	3.3	228	1430	31461.08023510204	000001000	000000010	6.271929824561403
414	415	2	3.3	168	1430	17623.91293050391	000000001	000000010	8.511904761904763
415	416	2	3.3	180	1430	20391.34639142354	000001000	000000010	7.944444444444445
419	420	3	1.0	168	1430	14857.270066849087	000000001	100000000	8.511904761904763
426	427	3	3.3	168	1430	20415.69964649692	000001000	000000010	8.511904761904763
448	449	4	3.4	168	1430	23449.15721377897	001000000	000010000	8.511904761904763
450	451	4	3.4	192	1430	28984.024135618223	000000100	000010000	7.447916666666667
456	457	4	3.1	168	1430	22724.144659911864	000100000	000010000	8.511904761904763
458	459	4	3.4	180	1430	26216.5906746986	001000000	000010000	7.944444444444445
476	477	4	3.2	180	1430	25733.248972120527	000000010	000000010	7.944444444444445
479	480	4	3.2	192	1430	28500.682433040158	000000010	000000010	7.447916666666667
490	491	4	3.3	156	1430	20440.052901570307	000001000	000000001	9.166666666666666
499	500	5	3.3	168	1430	25999.273078482933	100000000	010000000	8.511904761904763
512	513	5	2.0	156	1430	20090.11855080584	000010000	001000000	9.166666666666666
513	514	5	2.0	168	1430	22857.552011725464	000010000	001000000	8.511904761904763
515	516	5	3.4	168	1430	26240.943929771973	001000000	000010000	8.511904761904763
518	519	5	3.4	192	1430	31775.810851611226	001000000	000001000	7.447916666666667
530	531	5	3.4	192	1430	31775.810851611226	001000000	000000100	7.447916666666667
543	544	6	3.4	180	1430	31800.164106684606	001000000	000010000	7.944444444444445
544	545	6	3.4	132	1430	20730.430263006107	001000000	000010000	10.833333333333334
545	546	6	3.4	156	1430	26265.29718484536	001000000	000010000	9.166666666666666
548	549	6	3.3	168	1430	28791.05979447595	100000000	000000010	8.511904761904763
550	551	6	3.3	168	1430	28791.05979447595	100000000	000000001	8.511904761904763
559	560	7	1.0	204	1430	34326.71731357998	010000000	000100000	7.009803921568627
561	562	7	3.4	144	1430	26289.65043991874	001000000	000010000	9.930555555555555
571	572	7	3.3	204	1430	39885.14689322782	100000000	000000010	7.009803921568627
572	573	7	3.3	156	1430	28815.41304954933	100000000	000000010	9.166666666666666
579	580	7	3.3	180	1430	34350.27997138859	100000000	000000001	7.944444444444445
582	583	8	1.0	156	1430	26048.7701858945	010000000	000100000	9.166666666666666
583	584	8	1.0	204	1430	37118.504029573	010000000	000100000	7.009803921568627
584	585	8	3.4	180	1430	37383.737538670626	001000000	000010000	7.944444444444445
585	586	8	3.4	192	1430	40151.17099959025	001000000	000010000	7.447916666666667
586	587	8	3.4	192	1430	40151.17099959025	001000000	000010000	7.447916666666667
587	588	8	3.4	168	1430	34616.30407775099	001000000	000010000	8.511904761904763
588	589	8	3.4	180	1430	37383.737538670626	001000000	000010000	7.944444444444445
589	590	8	3.4	192	1430	40151.17099959025	001000000	000010000	7.447916666666667
590	591	8	3.3	192	1430	39909.50014830122	100000000	000000010	7.447916666666667
591	592	8	3.3	156	1430	31607.199765542333	100000000	000000010	9.166666666666666
592	593	8	3.3	168	1430	34374.633226461956	100000000	000000010	8.511904761904763
593	594	8	3.3	144	1430	28839.76630462271	100000000	000000010	9.930555555555555
594	595	8	3.3	180	1430	37142.06668738159	100000000	000000010	7.944444444444445
595	596	8	3.3	180	1430	37142.06668738159	100000000	000000010	7.944444444444445
596	597	8	3.3	168	1430	34374.633226461956	100000000	000000001	8.511904761904763
597	598	8	3.3	156	1430	31607.199765542333	100000000	000000001	9.166666666666666
598	599	8	3.3	168	1430	34374.633226461956	100000000	000000001	8.511904761904763
599	600	8	3.3	156	1430	31607.199765542333	100000000	000000001	9.166666666666666
600	601	2	1.0	204	1790	21162.83386035476	000000001	100000000	8.77450980392157
601	602	2	1.0	192	1790	18395.400399435137	000000001	100000000	9.322916666666666
602	603	2	1.0	216	1790	23930.26732127439	000000001	100000000	8.287037037037036
603	604	2	3.3	204	1790	26721.263440002593	000000001	000000010	8.77450980392157
604	605	2	3.3	216	1790	29488.696900922223	000001000	000000010	8.287037037037036
605	606	2	3.3	240	1790	35023.56382276148	000000001	000000010	7.458333333333333
606	607	2	3.3	228	1790	32256.130361841846	000001000	000000010	7.850877192982456
607	608	2	3.3	204	1790	26721.263440002593	000000001	000000010	8.77450980392157
608	609	2	3.3	216	1790	29488.696900922223	000000001	000000010	8.287037037037036
609	610	2	3.3	192	1790	23953.82997908297	000001000	000000010	9.322916666666666
610	611	2	3.3	264	1790	40558.43074460073	000001000	000000010	6.78030303030303
611	612	2	3.3	192	1790	23953.82997908297	000000001	000000010	9.322916666666666
612	613	2	3.3	252	1790	37790.99728368111	000000001	000000010	7.103174603174603
613	614	2	3.3	216	1790	29488.696900922223	000001000	000000010	8.287037037037036
614	615	2	3.3	192	1790	23953.82997908297	000000001	000000010	9.322916666666666
615	616	2	3.3	192	1790	23953.82997908297	000001000	000000010	9.322916666666666
619	620	3	1.0	216	1790	26722.0540372674	000000001	100000000	8.287037037037036
626	627	3	3.3	216	1790	32280.48361691524	000001000	000000010	8.287037037037036
648	649	4	3.4	216	1790	35313.941184197276	001000000	000010000	8.287037037037036
650	651	4	3.4	204	1790	32546.507723277653	000000100	000010000	8.77450980392157
656	657	4	3.1	240	1790	40123.795552169424	000100000	000010000	7.458333333333333
658	659	4	3.4	204	1790	32546.507723277653	001000000	000010000	8.77450980392157
676	677	4	3.2	192	1790	29295.732559779965	000000010	000000010	9.322916666666666
679	680	4	3.2	216	1790	34830.59948161921	000000010	000000010	8.287037037037036
690	691	4	3.3	216	1790	35072.27033290824	000001000	000000001	8.287037037037036
699	700	5	3.3	216	1790	37864.057048901246	100000000	010000000	8.287037037037036
712	713	5	2.0	240	1790	40257.20290398304	000010000	001000000	7.458333333333333
713	714	5	2.0	264	1790	45792.069825822284	000010000	001000000	6.78030303030303
715	716	5	3.4	240	1790	43640.59482202954	001000000	000010000	7.458333333333333
718	719	5	3.4	216	1790	38105.72790019028	001000000	000001000	8.287037037037036
730	731	5	3.4	240	1790	43640.59482202954	001000000	000000100	7.458333333333333
743	744	6	3.4	156	1790	27060.347311585167	001000000	000010000	11.474358974358974
744	745	6	3.4	240	1790	46432.38153802254	001000000	000010000	7.458333333333333
745	746	6	3.4	228	1790	43664.94807710292	001000000	000010000	7.850877192982456
748	749	6	3.3	228	1790	43423.27722581389	100000000	000000010	7.850877192982456
750	751	6	3.3	228	1790	43423.27722581389	100000000	000000001	7.850877192982456
759	760	7	1.0	216	1790	37889.20090123944	010000000	000100000	8.287037037037036
761	762	7	3.4	228	1790	46456.73479309592	001000000	000010000	7.850877192982456
771	772	7	3.3	228	1790	46215.06394180689	100000000	000000010	7.850877192982456
772	773	7	3.3	216	1790	43447.63048088727	100000000	000000010	8.287037037037036
779	780	7	3.3	216	1790	43447.63048088727	100000000	000000001	8.287037037037036
782	783	8	1.0	228	1790	43448.42107815205	010000000	000100000	7.850877192982456
783	784	8	1.0	228	1790	43448.42107815205	010000000	000100000	7.850877192982456
784	785	8	3.4	204	1790	43713.65458724968	001000000	000010000	8.77450980392157
785	786	8	3.4	192	1790	40946.221126330056	001000000	000010000	9.322916666666666
786	787	8	3.4	204	1790	43713.65458724968	001000000	000010000	8.77450980392157
787	788	8	3.4	204	1790	43713.65458724968	001000000	000010000	8.77450980392157
788	789	8	3.4	216	1790	46481.0880481693	001000000	000010000	8.287037037037036
789	790	8	3.4	180	1790	38178.78766541043	001000000	000010000	9.944444444444445
790	791	8	3.3	168	1790	35169.68335320176	100000000	000000010	10.654761904761905
791	792	8	3.3	228	1790	49006.85065779989	100000000	000000010	7.850877192982456
792	793	8	3.3	204	1790	43471.983735960646	100000000	000000010	8.77450980392157
793	794	8	3.3	240	1790	51774.28411871953	100000000	000000010	7.458333333333333
794	795	8	3.3	192	1790	40704.55027504102	100000000	000000010	9.322916666666666
795	796	8	3.3	204	1790	43471.983735960646	100000000	000000010	8.77450980392157
796	797	8	3.3	168	1790	35169.68335320176	100000000	000000001	10.654761904761905
797	798	8	3.3	216	1790	46239.41719688027	100000000	000000001	8.287037037037036
798	799	8	3.3	192	1790	40704.55027504102	100000000	000000001	9.322916666666666
799	800	8	3.3	216	1790	46239.41719688027	100000000	000000001	8.287037037037036
800	801	2	1.0	156	1490	9430.558244393083	000000001	100000000	9.551282051282051
801	802	2	1.0	168	1490	12197.991705312706	000000001	100000000	8.869047619047619
802	803	2	1.0	192	1490	17732.85862715196	000000001	100000000	7.760416666666667
803	804	2	3.3	168	1490	17756.42128496054	000000001	000000010	8.869047619047619
804	805	2	3.3	192	1490	23291.288206799793	000001000	000000010	7.760416666666667
805	806	2	3.3	228	1490	31593.58858955867	000000001	000000010	6.535087719298246
806	807	2	3.3	156	1490	14988.987824040916	000001000	000000010	9.551282051282051
807	808	2	3.3	180	1490	20523.85474588017	000000001	000000010	8.277777777777779
808	809	2	3.3	228	1490	31593.58858955867	000000001	000000010	6.535087719298246
809	810	2	3.3	180	1490	20523.85474588017	000001000	000000010	8.277777777777779
810	811	2	3.3	156	1490	14988.987824040916	000001000	000000010	9.551282051282051
811	812	2	3.3	192	1490	23291.288206799793	000000001	000000010	7.760416666666667
812	813	2	3.3	192	1490	23291.288206799793	000000001	000000010	7.760416666666667
813	814	2	3.3	192	1490	23291.288206799793	000001000	000000010	7.760416666666667
814	815	2	3.3	168	1490	17756.42128496054	000000001	000000010	8.869047619047619
815	816	2	3.3	192	1490	23291.288206799793	000001000	000000010	7.760416666666667
819	820	3	1.0	156	1490	12222.344960386094	000000001	100000000	9.551282051282051
826	827	3	3.3	156	1490	17780.774540033926	000001000	000000010	9.551282051282051
848	849	4	3.4	204	1490	31883.965950994476	001000000	000010000	7.303921568627451
850	851	4	3.4	192	1490	29116.532490074853	000000100	000010000	7.760416666666667
856	857	4	3.1	132	1490	14554.352631609618	000100000	000010000	11.287878787878787
858	859	4	3.4	240	1490	40186.266333753345	001000000	000010000	6.208333333333333
876	877	4	3.2	192	1490	28633.190787496787	000000010	000000010	7.760416666666667
879	880	4	3.2	168	1490	23098.323865657527	000000010	000000010	8.869047619047619
890	891	4	3.3	156	1490	20572.561256026936	000001000	000000001	9.551282051282051
899	900	5	3.3	192	1490	31666.648354778823	100000000	010000000	7.760416666666667
912	913	5	2.0	168	1490	22990.060366182093	000010000	001000000	8.869047619047619
913	914	5	2.0	192	1490	28524.92728802134	000010000	001000000	7.760416666666667
915	916	5	3.4	192	1490	31908.319206067856	001000000	000010000	7.760416666666667
918	919	5	3.4	144	1490	20838.58536238935	001000000	000001000	10.347222222222221
930	931	5	3.4	180	1490	29140.885745148233	001000000	000000100	8.277777777777779
943	944	6	3.4	180	1490	31932.672461141236	001000000	000010000	8.277777777777779
944	945	6	3.4	156	1490	26397.80553930199	001000000	000010000	9.551282051282051
945	946	6	3.4	168	1490	29165.239000221613	001000000	000010000	8.869047619047619
948	949	6	3.3	204	1490	37225.86853169145	100000000	000000010	7.303921568627451
950	951	6	3.3	192	1490	34458.435070771826	100000000	000000001	7.760416666666667
959	960	7	1.0	180	1490	28924.35874619738	010000000	000100000	8.277777777777779
961	962	7	3.4	180	1490	34724.45917713425	001000000	000010000	8.277777777777779
971	972	7	3.3	180	1490	34482.78832584522	100000000	000000010	8.277777777777779
972	973	7	3.3	192	1490	37250.22178676483	100000000	000000010	7.760416666666667
979	980	7	3.3	144	1490	26180.48794308633	100000000	000000001	10.347222222222221
982	983	8	1.0	144	1490	23413.845079431507	010000000	000100000	10.347222222222221
983	984	8	1.0	204	1490	37251.01238402963	010000000	000100000	7.303921568627451
984	985	8	3.4	168	1490	34748.81243220762	001000000	000010000	8.869047619047619
985	986	8	3.4	216	1490	45818.546275886125	001000000	000010000	6.898148148148148
986	987	8	3.4	168	1490	34748.81243220762	001000000	000010000	8.869047619047619
987	988	8	3.4	228	1490	48585.97973680575	001000000	000010000	6.535087719298246
988	989	8	3.4	204	1490	43051.1128149665	001000000	000010000	7.303921568627451
989	990	8	3.4	180	1490	37516.245893127256	001000000	000010000	8.277777777777779
990	991	8	3.3	180	1490	37274.57504183822	100000000	000000010	8.277777777777779
991	992	8	3.3	180	1490	37274.57504183822	100000000	000000010	8.277777777777779
992	993	8	3.3	180	1490	37274.57504183822	100000000	000000010	8.277777777777779
993	994	8	3.3	168	1490	34507.141580918586	100000000	000000010	8.869047619047619
994	995	8	3.3	192	1490	40042.008502757846	100000000	000000010	7.760416666666667
995	996	8	3.3	168	1490	34507.141580918586	100000000	000000010	8.869047619047619
996	997	8	3.3	168	1490	34507.141580918586	100000000	000000001	8.869047619047619
997	998	8	3.3	180	1490	37274.57504183822	100000000	000000001	8.277777777777779
998	999	8	3.3	204	1490	42809.44196367747	100000000	000000001	7.303921568627451
999	1000	8	3.3	168	1490	34507.141580918586	100000000	000000001	8.869047619047619
1000	1001	2	1.0	228	2250	27713.59816636154	000000001	100000000	9.868421052631579
1001	1002	2	1.0	240	2250	30481.03162728119	000000001	100000000	9.375
1002	1003	2	1.0	288	2250	41550.76547095968	000000001	100000000	7.8125
1003	1004	2	3.3	228	2250	33272.02774600938	000000001	000000010	9.868421052631579
1004	1005	2	3.3	252	2250	38806.89466784864	000001000	000000010	8.928571428571429
1005	1006	2	3.3	276	2250	44341.7615896879	000000001	000000010	8.152173913043478
1006	1007	2	3.3	288	2250	47109.19505060752	000001000	000000010	7.8125
1007	1008	2	3.3	300	2250	49876.628511527146	000000001	000000010	7.5
1008	1009	2	3.3	264	2250	41574.32812876828	000000001	000000010	8.522727272727273
1009	1010	2	3.3	300	2250	49876.628511527146	000001000	000000010	7.5
1010	1011	2	3.3	312	2250	52644.06197244678	000001000	000000010	7.211538461538462
1011	1012	2	3.3	264	2250	41574.32812876828	000000001	000000010	8.522727272727273
1012	1013	2	3.3	288	2250	47109.19505060752	000000001	000000010	7.8125
1013	1014	2	3.3	240	2250	36039.461206929016	000001000	000000010	9.375
1014	1015	2	3.3	276	2250	44341.7615896879	000000001	000000010	8.152173913043478
1015	1016	2	3.3	240	2250	36039.461206929016	000001000	000000010	9.375
1019	1020	3	1.0	228	2250	30505.384882354556	000000001	100000000	9.868421052631579
1026	1027	3	3.3	348	2250	63738.149071198655	000001000	000000010	6.4655172413793105
1048	1049	4	3.4	324	2250	61236.739716641445	001000000	000010000	6.944444444444445
1050	1051	4	3.4	276	2250	50167.00587296294	000000100	000010000	8.152173913043478
1056	1057	4	3.1	300	2250	54976.860240935086	000100000	000010000	7.5
1058	1059	4	3.4	204	2250	33562.405107445185	001000000	000010000	11.029411764705882
1076	1077	4	3.2	276	2250	49683.66417038487	000000010	000000010	8.152173913043478
1079	1080	4	3.2	276	2250	49683.66417038487	000000010	000000010	8.152173913043478
1090	1091	4	3.3	228	2250	38855.6011779954	000001000	000000001	9.868421052631579
1099	1100	5	3.3	288	2250	55484.555198586546	100000000	010000000	7.8125
1112	1113	5	2.0	264	2250	46807.96720998983	000010000	001000000	8.522727272727273
1113	1114	5	2.0	324	2250	60645.13451458796	000010000	001000000	6.944444444444445
1115	1116	5	3.4	300	2250	58493.6595107952	001000000	000010000	7.5
1118	1119	5	3.4	252	2250	47423.925667116695	001000000	000001000	8.928571428571429
1130	1131	5	3.4	240	2250	44656.49220619707	001000000	000000100	9.375
1143	1144	6	3.4	288	2250	58518.01276586858	001000000	000010000	7.8125
1144	1145	6	3.4	228	2250	44680.84546127045	001000000	000010000	9.868421052631579
1145	1146	6	3.4	264	2250	52983.145844029335	001000000	000010000	8.522727272727273
1148	1149	6	3.3	276	2250	55508.908453659926	100000000	000000010	8.152173913043478
1150	1151	6	3.3	252	2250	49974.041531820665	100000000	000000001	8.928571428571429
1159	1160	7	1.0	300	2250	58277.132511844335	010000000	000100000	7.5
1161	1162	7	3.4	288	2250	61309.799481861584	001000000	000010000	7.8125
1171	1172	7	3.3	312	2250	66602.99555241181	100000000	000000010	7.211538461538462
1172	1173	7	3.3	228	2250	47230.96132597442	100000000	000000010	9.868421052631579
1179	1180	7	3.3	264	2250	55533.261708733306	100000000	000000001	8.522727272727273
1182	1183	8	1.0	276	2250	55534.052305998106	010000000	000100000	8.152173913043478
1183	1184	8	1.0	264	2250	52766.61884507848	010000000	000100000	8.522727272727273
1184	1185	8	3.4	312	2250	69636.45311969386	001000000	000010000	7.211538461538462
1185	1186	8	3.4	264	2250	58566.719276015356	001000000	000010000	8.522727272727273
1186	1187	8	3.4	264	2250	58566.719276015356	001000000	000010000	8.522727272727273
1187	1188	8	3.4	276	2250	61334.15273693498	001000000	000010000	8.152173913043478
1188	1189	8	3.4	264	2250	58566.719276015356	001000000	000010000	8.522727272727273
1189	1190	8	3.4	264	2250	58566.719276015356	001000000	000010000	8.522727272727273
1190	1191	8	3.3	264	2250	58325.04842472632	100000000	000000010	8.522727272727273
1191	1192	8	3.3	300	2250	66627.34880748519	100000000	000000010	7.5
1192	1193	8	3.3	240	2250	52790.18150288706	100000000	000000010	9.375
1193	1194	8	3.3	300	2250	66627.34880748519	100000000	000000010	7.5
1194	1195	8	3.3	240	2250	52790.18150288706	100000000	000000010	9.375
1195	1196	8	3.3	300	2250	66627.34880748519	100000000	000000010	7.5
1196	1197	8	3.3	324	2250	72162.21572932445	100000000	000000001	6.944444444444445
1197	1198	8	3.3	324	2250	72162.21572932445	100000000	000000001	6.944444444444445
1198	1199	8	3.3	276	2250	61092.481885645946	100000000	000000001	8.152173913043478
1199	1200	8	3.3	252	2250	55557.614963806685	100000000	000000001	8.928571428571429
1200	1201	2	1.0	192	1620	18019.960061808	000000001	100000000	8.4375
1201	1202	2	1.0	204	1620	20787.393522727623	000000001	100000000	7.9411764705882355
1202	1203	2	1.0	192	1620	18019.960061808	000000001	100000000	8.4375
1203	1204	2	3.3	168	1620	18043.52271961658	000000001	000000010	9.642857142857142
1204	1205	2	3.3	192	1620	23578.389641455833	000001000	000000010	8.4375
1205	1206	2	3.3	180	1620	20810.95618053621	000000001	000000010	9.0
1206	1207	2	3.3	180	1620	20810.95618053621	000001000	000000010	9.0
1207	1208	2	3.3	168	1620	18043.52271961658	000000001	000000010	9.642857142857142
1208	1209	2	3.3	228	1620	31880.69002421471	000000001	000000010	7.105263157894737
1209	1210	2	3.3	168	1620	18043.52271961658	000001000	000000010	9.642857142857142
1210	1211	2	3.3	216	1620	29113.256563295086	000001000	000000010	7.5
1211	1212	2	3.3	216	1620	29113.256563295086	000000001	000000010	7.5
1212	1213	2	3.3	228	1620	31880.69002421471	000000001	000000010	7.105263157894737
1213	1214	2	3.3	216	1620	29113.256563295086	000001000	000000010	7.5
1214	1215	2	3.3	204	1620	26345.823102375456	000000001	000000010	7.9411764705882355
1215	1216	2	3.3	216	1620	29113.256563295086	000001000	000000010	7.5
1219	1220	3	1.0	168	1620	15276.879855961757	000000001	100000000	9.642857142857142
1226	1227	3	3.3	216	1620	31905.043279288104	000001000	000000010	7.5
1248	1249	4	3.4	180	1620	26636.20046381127	001000000	000010000	9.0
1250	1251	4	3.4	228	1620	37705.93430748976	000000100	000010000	7.105263157894737
1256	1257	4	3.1	216	1620	34213.48829270304	000100000	000010000	7.5
1258	1259	4	3.4	192	1620	29403.633924730893	001000000	000010000	8.4375
1276	1277	4	3.2	192	1620	28920.292222152828	000000010	000000010	8.4375
1279	1280	4	3.2	192	1620	28920.292222152828	000000010	000000010	8.4375
1290	1291	4	3.3	192	1620	29161.96307344186	000001000	000000001	8.4375
1299	1300	5	3.3	216	1620	37488.61671127411	100000000	010000000	7.5
1312	1313	5	2.0	204	1620	31579.462183597003	000010000	001000000	7.9411764705882355
1313	1314	5	2.0	204	1620	31579.462183597003	000010000	001000000	7.9411764705882355
1315	1316	5	3.4	192	1620	32195.420640723896	001000000	000010000	8.4375
1318	1319	5	3.4	204	1620	34962.85410164352	001000000	000001000	7.9411764705882355
1330	1331	5	3.4	204	1620	34962.85410164352	001000000	000000100	7.9411764705882355
1343	1344	6	3.4	180	1620	32219.773895797276	001000000	000010000	9.0
1344	1345	6	3.4	216	1620	40522.07427855616	001000000	000010000	7.5
1345	1346	6	3.4	228	1620	43289.50773947578	001000000	000010000	7.105263157894737
1348	1349	6	3.3	192	1620	34745.536505427866	100000000	000000010	8.4375
1350	1351	6	3.3	180	1620	31978.103044508243	100000000	000000001	9.0
1359	1360	7	1.0	192	1620	31978.89364177303	010000000	000100000	8.4375
1361	1362	7	3.4	168	1620	32244.127150870656	001000000	000010000	9.642857142857142
1371	1372	7	3.3	204	1620	40304.75668234049	100000000	000000010	7.9411764705882355
1372	1373	7	3.3	192	1620	37537.32322142087	100000000	000000010	8.4375
1379	1380	7	3.3	204	1620	40304.75668234049	100000000	000000001	7.9411764705882355
1382	1383	8	1.0	204	1620	37538.11381868567	010000000	000100000	7.9411764705882355
1383	1384	8	1.0	192	1620	34770.68035776605	010000000	000100000	8.4375
1384	1385	8	3.4	216	1620	46105.647710542165	001000000	000010000	7.5
1385	1386	8	3.4	156	1620	32268.480405944036	001000000	000010000	10.384615384615385
1386	1387	8	3.4	180	1620	37803.347327783296	001000000	000010000	9.0
1387	1388	8	3.4	192	1620	40570.78078870292	001000000	000010000	8.4375
1388	1389	8	3.4	192	1620	40570.78078870292	001000000	000010000	8.4375
1389	1390	8	3.4	216	1620	46105.647710542165	001000000	000010000	7.5
1390	1391	8	3.3	180	1620	37561.67647649426	100000000	000000010	9.0
1391	1392	8	3.3	204	1620	43096.54339833351	100000000	000000010	7.9411764705882355
1392	1393	8	3.3	192	1620	40329.10993741389	100000000	000000010	8.4375
1393	1394	8	3.3	156	1620	32026.809554655003	100000000	000000010	10.384615384615385
1394	1395	8	3.3	192	1620	40329.10993741389	100000000	000000010	8.4375
1395	1396	8	3.3	180	1620	37561.67647649426	100000000	000000010	9.0
1396	1397	8	3.3	192	1620	40329.10993741389	100000000	000000001	8.4375
1397	1398	8	3.3	204	1620	43096.54339833351	100000000	000000001	7.9411764705882355
1398	1399	8	3.3	192	1620	40329.10993741389	100000000	000000001	8.4375
1399	1400	8	3.3	192	1620	40329.10993741389	100000000	000000001	8.4375
1400	1401	2	1.0	192	1930	18704.58655983395	000000001	100000000	10.052083333333334
1401	1402	2	1.0	168	1930	13169.719637994698	000000001	100000000	11.488095238095237
1402	1403	2	1.0	228	1930	27006.886942592828	000000001	100000000	8.464912280701755
1403	1404	2	3.3	228	1930	32565.316522240668	000000001	000000010	8.464912280701755
1404	1405	2	3.3	264	1930	40867.61690499955	000001000	000000010	7.3106060606060606
1405	1406	2	3.3	204	1930	27030.449600401407	000000001	000000010	9.46078431372549
1406	1407	2	3.3	228	1930	32565.316522240668	000001000	000000010	8.464912280701755
1407	1408	2	3.3	264	1930	40867.61690499955	000000001	000000010	7.3106060606060606
1408	1409	2	3.3	276	1930	43635.050365919175	000000001	000000010	6.992753623188406
1409	1410	2	3.3	204	1930	27030.449600401407	000001000	000000010	9.46078431372549
1410	1411	2	3.3	216	1930	29797.883061321045	000001000	000000010	8.935185185185185
1411	1412	2	3.3	264	1930	40867.61690499955	000000001	000000010	7.3106060606060606
1412	1413	2	3.3	192	1930	24263.016139481784	000000001	000000010	10.052083333333334
1413	1414	2	3.3	240	1930	35332.74998316029	000001000	000000010	8.041666666666666
1414	1415	2	3.3	240	1930	35332.74998316029	000000001	000000010	8.041666666666666
1415	1416	2	3.3	240	1930	35332.74998316029	000001000	000000010	8.041666666666666
1419	1420	3	1.0	228	1930	29798.673658585845	000000001	100000000	8.464912280701755
1426	1427	3	3.3	228	1930	35357.10323823367	000001000	000000010	8.464912280701755
1448	1449	4	3.4	276	1930	49460.29464919421	001000000	000010000	6.992753623188406
1450	1451	4	3.4	252	1930	43925.42772735497	000000100	000010000	7.658730158730159
1456	1457	4	3.1	216	1930	34898.114790728985	000100000	000010000	8.935185185185185
1458	1459	4	3.4	264	1930	46692.86118827459	001000000	000010000	7.3106060606060606
1476	1477	4	3.2	252	1930	43442.0860247769	000000010	000000010	7.658730158730159
1479	1480	4	3.2	216	1930	35139.78564201803	000000010	000000010	8.935185185185185
1490	1491	4	3.3	216	1930	35381.456493307065	000001000	000000001	8.935185185185185
1499	1500	5	3.3	240	1930	43708.110131139314	100000000	010000000	8.041666666666666
1512	1513	5	2.0	228	1930	37798.95560346222	000010000	001000000	8.464912280701755
1513	1514	5	2.0	252	1930	43333.82252530147	000010000	001000000	7.658730158730159
1515	1516	5	3.4	252	1930	46717.21444334797	001000000	000010000	7.658730158730159
1518	1519	5	3.4	240	1930	43949.78098242835	001000000	000001000	8.041666666666666
1530	1531	5	3.4	276	1930	52252.08136518723	001000000	000000100	6.992753623188406
1543	1544	6	3.4	252	1930	49509.00115934099	001000000	000010000	7.658730158730159
1544	1545	6	3.4	228	1930	43974.13423750173	001000000	000010000	8.464912280701755
1545	1546	6	3.4	228	1930	43974.13423750173	001000000	000010000	8.464912280701755
1548	1549	6	3.3	216	1930	40965.02992529307	100000000	000000010	8.935185185185185
1550	1551	6	3.3	252	1930	49267.330308051954	100000000	000000001	7.658730158730159
1559	1560	7	1.0	240	1930	43733.25398347751	010000000	000100000	8.041666666666666
1561	1562	7	3.4	228	1930	46765.92095349473	001000000	000010000	8.464912280701755
1571	1572	7	3.3	228	1930	46524.2501022057	100000000	000000010	8.464912280701755
1572	1573	7	3.3	216	1930	43756.816641286074	100000000	000000010	8.935185185185185
1579	1580	7	3.3	252	1930	52059.11702404496	100000000	000000001	7.658730158730159
1582	1583	8	1.0	228	1930	43757.607238550874	010000000	000100000	8.464912280701755
1583	1584	8	1.0	192	1930	35455.306855792005	010000000	000100000	10.052083333333334
1584	1585	8	3.4	252	1930	55092.57459132699	001000000	000010000	7.658730158730159
1585	1586	8	3.4	288	1930	63394.87497408588	001000000	000010000	6.701388888888889
1586	1587	8	3.4	276	1930	60627.44151316625	001000000	000010000	6.992753623188406
1587	1588	8	3.4	240	1930	52325.14113040737	001000000	000010000	8.041666666666666
1588	1589	8	3.4	216	1930	46790.274208568124	001000000	000010000	8.935185185185185
1589	1590	8	3.4	288	1930	63394.87497408588	001000000	000010000	6.701388888888889
1590	1591	8	3.3	228	1930	49316.036818198714	100000000	000000010	8.464912280701755
1591	1592	8	3.3	252	1930	54850.90374003796	100000000	000000010	7.658730158730159
1592	1593	8	3.3	240	1930	52083.47027911834	100000000	000000010	8.041666666666666
1593	1594	8	3.3	264	1930	57618.3372009576	100000000	000000010	7.3106060606060606
1594	1595	8	3.3	216	1930	46548.60335727909	100000000	000000010	8.935185185185185
1595	1596	8	3.3	216	1930	46548.60335727909	100000000	000000010	8.935185185185185
1596	1597	8	3.3	264	1930	57618.3372009576	100000000	000000001	7.3106060606060606
1597	1598	8	3.3	264	1930	57618.3372009576	100000000	000000001	7.3106060606060606
1598	1599	8	3.3	264	1930	57618.3372009576	100000000	000000001	7.3106060606060606
1599	1600	8	3.3	240	1930	52083.47027911834	100000000	000000001	8.041666666666666
1600	1601	2	1.0	180	1640	15296.696052373925	000000001	100000000	9.11111111111111
1601	1602	2	1.0	228	1640	26366.429896052425	000000001	100000000	7.192982456140351
1602	1603	2	1.0	228	1640	26366.429896052425	000000001	100000000	7.192982456140351
1603	1604	2	3.3	204	1640	26389.992553861004	000000001	000000010	8.03921568627451
1604	1605	2	3.3	204	1640	26389.992553861004	000001000	000000010	8.03921568627451
1605	1606	2	3.3	240	1640	34692.292936619895	000000001	000000010	6.833333333333333
1606	1607	2	3.3	180	1640	20855.125632021758	000001000	000000010	9.11111111111111
1607	1608	2	3.3	192	1640	23622.55909294138	000000001	000000010	8.541666666666666
1608	1609	2	3.3	204	1640	26389.992553861004	000000001	000000010	8.03921568627451
1609	1610	2	3.3	228	1640	31924.859475700257	000001000	000000010	7.192982456140351
1610	1611	2	3.3	216	1640	29157.426014780634	000001000	000000010	7.592592592592593
1611	1612	2	3.3	180	1640	20855.125632021758	000000001	000000010	9.11111111111111
1612	1613	2	3.3	180	1640	20855.125632021758	000000001	000000010	9.11111111111111
1613	1614	2	3.3	180	1640	20855.125632021758	000001000	000000010	9.11111111111111
1614	1615	2	3.3	192	1640	23622.55909294138	000000001	000000010	8.541666666666666
1615	1616	2	3.3	228	1640	31924.859475700257	000001000	000000010	7.192982456140351
1616	1617	3	1.0	204	1640	23623.34969020618	000000001	100000000	8.03921568627451
1617	1618	3	1.0	192	1640	20855.91622928656	000000001	100000000	8.541666666666666
1618	1619	3	1.0	192	1640	20855.91622928656	000000001	100000000	8.541666666666666
1619	1620	3	1.0	216	1640	26390.783151125812	000000001	100000000	7.592592592592593
1620	1621	3	1.0	240	1640	31925.650072965072	000000001	100000000	6.833333333333333
1621	1622	3	1.0	192	1640	20855.91622928656	000000001	100000000	8.541666666666666
1622	1623	3	3.3	228	1640	34716.646191693275	000000001	000000010	7.192982456140351
1623	1624	3	3.3	216	1640	31949.212730773652	000000001	000000010	7.592592592592593
1624	1625	3	3.3	192	1640	26414.34580893439	000001000	000000010	8.541666666666666
1625	1626	3	3.3	216	1640	31949.212730773652	000001000	000000010	7.592592592592593
1626	1627	3	3.3	228	1640	34716.646191693275	000001000	000000010	7.192982456140351
1627	1628	3	3.3	204	1640	29181.779269854014	000001000	000000010	8.03921568627451
1628	1629	3	3.3	168	1640	20879.478887095138	000000001	000000010	9.761904761904763
1629	1630	3	3.3	192	1640	26414.34580893439	000000001	000000010	8.541666666666666
1630	1631	3	3.3	156	1640	18112.045426175515	000000001	000000010	10.512820512820513
1631	1632	3	3.3	192	1640	26414.34580893439	000001000	000000010	8.541666666666666
1632	1633	3	3.3	204	1640	29181.779269854014	000001000	000000010	8.03921568627451
1633	1634	3	3.3	204	1640	29181.779269854014	000001000	000000010	8.03921568627451
1634	1635	3	3.3	204	1640	29181.779269854014	000001000	000000010	8.03921568627451
1635	1636	4	2.0	180	1640	23296.97799725031	000010000	010000000	9.11111111111111
1636	1637	4	2.0	168	1640	20529.54453633068	000010000	010000000	9.761904761904763
1637	1638	4	2.0	168	1640	20529.54453633068	000010000	010000000	9.761904761904763
1638	1639	4	2.0	180	1640	23296.97799725031	000010000	010000000	9.11111111111111
1639	1640	4	2.0	168	1640	20529.54453633068	000010000	010000000	9.761904761904763
1640	1641	4	2.0	180	1640	23296.97799725031	000010000	010000000	9.11111111111111
1641	1642	4	2.0	180	1640	23296.97799725031	000010000	010000000	9.11111111111111
1642	1643	4	2.0	192	1640	26064.411458169932	000010000	010000000	8.541666666666666
1643	1644	4	2.0	180	1640	23296.97799725031	000010000	010000000	9.11111111111111
1644	1645	4	2.0	180	1640	23296.97799725031	000010000	010000000	9.11111111111111
1645	1646	4	2.0	180	1640	23296.97799725031	000010000	010000000	9.11111111111111
1646	1647	4	2.0	204	1640	28831.844919089548	000010000	010000000	8.03921568627451
1647	1648	4	2.0	180	1640	23296.97799725031	000010000	010000000	9.11111111111111
1648	1649	4	3.4	180	1640	26680.36991529682	001000000	000010000	9.11111111111111
1649	1650	4	3.4	180	1640	26680.36991529682	000000100	000010000	9.11111111111111
1650	1651	4	3.4	192	1640	29447.80337621644	000000100	000010000	8.541666666666666
1651	1652	4	3.1	180	1640	25955.357361429713	000100000	000010000	9.11111111111111
1652	1653	4	3.4	144	1640	18378.069532537935	001000000	000010000	11.38888888888889
1653	1654	4	3.4	192	1640	29447.80337621644	000000100	000010000	8.541666666666666
1654	1655	4	3.4	192	1640	29447.80337621644	001000000	000010000	8.541666666666666
1655	1656	4	3.4	180	1640	26680.36991529682	000000100	000010000	9.11111111111111
1656	1657	4	3.1	192	1640	28722.79082234933	000100000	000010000	8.541666666666666
1657	1658	4	3.4	192	1640	29447.80337621644	000000100	000010000	8.541666666666666
1658	1659	4	3.4	228	1640	37750.10375897531	001000000	000010000	7.192982456140351
1659	1660	4	3.4	252	1640	43284.97068081456	001000000	000010000	6.507936507936508
1660	1661	4	3.4	180	1640	26680.36991529682	001000000	000010000	9.11111111111111
1661	1662	4	3.4	192	1640	29447.80337621644	000000100	000010000	8.541666666666666
1662	1663	4	3.4	204	1640	32215.236837136064	001000000	000010000	8.03921568627451
1663	1664	4	3.4	240	1640	40517.53721989493	000000100	000010000	6.833333333333333
1664	1665	4	3.4	216	1640	34982.67029805569	000000100	000010000	7.592592592592593
1665	1666	4	3.1	192	1640	28722.79082234933	000100000	000010000	8.541666666666666
1666	1667	4	3.1	216	1640	34257.65774418859	000100000	000010000	7.592592592592593
1667	1668	4	3.1	204	1640	31490.22428326895	000100000	000010000	8.03921568627451
1668	1669	4	3.2	192	1640	28964.461673638376	000000010	000000010	8.541666666666666
1669	1670	4	3.3	180	1640	26438.69906400778	000001000	000000010	9.11111111111111
1670	1671	4	3.3	168	1640	23671.265603088148	000001000	000000010	9.761904761904763
1671	1672	4	3.2	180	1640	26197.028212718746	000000010	000000010	9.11111111111111
1672	1673	4	3.3	192	1640	29206.13252492741	000001000	000000010	8.541666666666666
1673	1674	4	3.3	180	1640	26438.69906400778	000001000	000000010	9.11111111111111
1674	1675	4	3.2	180	1640	26197.028212718746	000000010	000000010	9.11111111111111
1675	1676	4	3.2	240	1640	40034.19551731687	000000010	000000010	6.833333333333333
1676	1677	4	3.2	216	1640	34499.32859547762	000000010	000000010	7.592592592592593
1677	1678	4	3.2	192	1640	28964.461673638376	000000010	000000010	8.541666666666666
1678	1679	4	3.3	216	1640	34740.999446766655	000001000	000000010	7.592592592592593
1679	1680	4	3.2	228	1640	37266.762056397245	000000010	000000010	7.192982456140351
1680	1681	4	3.3	192	1640	29206.13252492741	000001000	000000010	8.541666666666666
1681	1682	4	3.3	192	1640	29206.13252492741	000001000	000000001	8.541666666666666
1682	1683	4	3.3	216	1640	34740.999446766655	000001000	000000001	7.592592592592593
1683	1684	4	3.3	192	1640	29206.13252492741	000001000	000000001	8.541666666666666
1684	1685	4	3.3	240	1640	40275.8663686059	000001000	000000001	6.833333333333333
1685	1686	4	3.3	180	1640	26438.69906400778	000001000	000000001	9.11111111111111
1686	1687	4	3.3	192	1640	29206.13252492741	000001000	000000001	8.541666666666666
1687	1688	4	3.3	216	1640	34740.999446766655	000001000	000000001	7.592592592592593
1688	1689	4	3.3	156	1640	20903.832142168525	000001000	000000001	10.512820512820513
1689	1690	4	3.3	180	1640	26438.69906400778	000001000	000000001	9.11111111111111
1690	1691	4	3.3	252	1640	43043.299829525524	000001000	000000001	6.507936507936508
1691	1692	5	3.3	216	1640	37532.78616275966	100000000	010000000	7.592592592592593
1692	1693	5	2.0	192	1640	28856.198174162942	000010000	010000000	8.541666666666666
1693	1694	5	3.3	180	1640	29230.48578000079	100000000	010000000	9.11111111111111
1694	1695	5	2.0	204	1640	31623.631635082565	000010000	010000000	8.03921568627451
1695	1696	5	2.0	216	1640	34391.06509600219	000010000	010000000	7.592592592592593
1696	1697	5	2.0	228	1640	37158.49855692181	000010000	010000000	7.192982456140351
1697	1698	5	2.0	204	1640	31623.631635082565	000010000	010000000	8.03921568627451
1698	1699	5	3.3	240	1640	43067.65308459892	100000000	010000000	6.833333333333333
1699	1700	5	3.3	180	1640	29230.48578000079	100000000	010000000	9.11111111111111
1700	1701	5	2.0	204	1640	31623.631635082565	000010000	010000000	8.03921568627451
1701	1702	5	3.3	216	1640	37532.78616275966	100000000	010000000	7.592592592592593
1702	1703	5	2.0	168	1640	23321.331252323682	000010000	010000000	9.761904761904763
1703	1704	5	3.3	168	1640	26463.05231908115	100000000	010000000	9.761904761904763
1704	1705	5	3.3	192	1640	31997.91924092041	100000000	010000000	8.541666666666666
1705	1706	5	3.3	168	1640	26463.05231908115	100000000	010000000	9.761904761904763
1706	1707	5	3.3	204	1640	34765.352701840035	100000000	010000000	8.03921568627451
1707	1708	5	2.0	228	1640	37158.49855692181	000010000	010000000	7.192982456140351
1708	1709	5	3.3	204	1640	34765.352701840035	100000000	010000000	8.03921568627451
1709	1710	5	2.0	180	1640	26088.764713243312	000010000	001000000	9.11111111111111
1710	1711	5	2.0	228	1640	37158.49855692181	000010000	001000000	7.192982456140351
1711	1712	5	2.0	192	1640	28856.198174162942	000010000	001000000	8.541666666666666
1712	1713	5	2.0	156	1640	20553.89779140406	000010000	001000000	10.512820512820513
1713	1714	5	2.0	204	1640	31623.631635082565	000010000	001000000	8.03921568627451
1714	1715	5	2.0	204	1640	31623.631635082565	000010000	001000000	8.03921568627451
1715	1716	5	3.4	216	1640	37774.45701404869	001000000	000010000	7.592592592592593
1716	1717	5	3.4	192	1640	32239.590092209444	001000000	000010000	8.541666666666666
1717	1718	5	3.4	192	1640	32239.590092209444	001000000	000001000	8.541666666666666
1718	1719	5	3.4	156	1640	23937.289709450568	001000000	000001000	10.512820512820513
1719	1720	5	3.4	240	1640	43309.32393588795	001000000	000001000	6.833333333333333
1720	1721	5	3.4	168	1640	26704.72317037019	001000000	000001000	9.761904761904763
1721	1722	5	3.4	216	1640	37774.45701404869	001000000	000001000	7.592592592592593
1722	1723	5	3.4	216	1640	37774.45701404869	001000000	000001000	7.592592592592593
1723	1724	5	3.4	216	1640	37774.45701404869	001000000	000001000	7.592592592592593
1724	1725	5	3.4	228	1640	40541.89047496831	001000000	000001000	7.192982456140351
1725	1726	5	3.4	180	1640	29472.15663128982	001000000	000000100	9.11111111111111
1726	1727	5	3.4	240	1640	43309.32393588795	001000000	000000100	6.833333333333333
1727	1728	5	3.4	204	1640	35007.02355312907	001000000	000000100	8.03921568627451
1728	1729	5	3.4	180	1640	29472.15663128982	001000000	000000100	9.11111111111111
1729	1730	5	3.4	204	1640	35007.02355312907	001000000	000000100	8.03921568627451
1730	1731	5	3.4	216	1640	37774.45701404869	001000000	000000100	7.592592592592593
1731	1732	5	3.4	228	1640	40541.89047496831	001000000	000000100	7.192982456140351
1732	1733	5	3.4	216	1640	37774.45701404869	001000000	000000100	7.592592592592593
1733	1734	5	3.4	204	1640	35007.02355312907	001000000	000000100	8.03921568627451
1734	1735	5	3.3	216	1640	37532.78616275966	100000000	000000010	7.592592592592593
1735	1736	5	3.3	204	1640	34765.352701840035	100000000	000000010	8.03921568627451
1736	1737	5	3.3	204	1640	34765.352701840035	100000000	000000010	8.03921568627451
1737	1738	5	3.3	204	1640	34765.352701840035	100000000	000000001	8.03921568627451
1738	1739	5	3.3	204	1640	34765.352701840035	100000000	000000001	8.03921568627451
1739	1740	5	3.3	192	1640	31997.91924092041	100000000	000000001	8.541666666666666
1740	1741	5	3.3	216	1640	37532.78616275966	100000000	000000001	7.592592592592593
1741	1742	5	3.3	192	1640	31997.91924092041	100000000	000000001	8.541666666666666
1742	1743	5	3.3	204	1640	34765.352701840035	100000000	000000001	8.03921568627451
1743	1744	6	3.4	204	1640	37798.81026912207	001000000	000010000	8.03921568627451
1744	1745	6	3.4	180	1640	32263.943347282824	001000000	000010000	9.11111111111111
1745	1746	6	3.4	180	1640	32263.943347282824	001000000	000010000	9.11111111111111
1746	1747	6	3.4	192	1640	35031.37680820245	001000000	000010000	8.541666666666666
1747	1748	6	3.3	192	1640	34789.705956913414	100000000	000000010	8.541666666666666
1748	1749	6	3.3	180	1640	32022.27249599379	100000000	000000010	9.11111111111111
1749	1750	6	3.3	204	1640	37557.13941783304	100000000	000000010	8.03921568627451
1750	1751	6	3.3	204	1640	37557.13941783304	100000000	000000001	8.03921568627451
1751	1752	6	3.3	204	1640	37557.13941783304	100000000	000000001	8.03921568627451
1752	1753	6	3.3	168	1640	29254.83903507417	100000000	000000001	9.761904761904763
1753	1754	7	1.0	204	1640	34790.496554178215	010000000	000100000	8.03921568627451
1754	1755	7	1.0	168	1640	26488.19617141934	010000000	000100000	9.761904761904763
1755	1756	7	1.0	180	1640	29255.62963233897	010000000	000100000	9.11111111111111
1756	1757	7	1.0	156	1640	23720.762710499715	010000000	000100000	10.512820512820513
1757	1758	7	1.0	192	1640	32023.063093258592	010000000	000100000	8.541666666666666
1758	1759	7	1.0	168	1640	26488.19617141934	010000000	000100000	9.761904761904763
1759	1760	7	1.0	192	1640	32023.063093258592	010000000	000100000	8.541666666666666
1760	1761	7	3.4	180	1640	35055.73006327584	001000000	000010000	9.11111111111111
1761	1762	7	3.4	180	1640	35055.73006327584	001000000	000010000	9.11111111111111
1762	1763	7	3.4	192	1640	37823.16352419545	001000000	000010000	8.541666666666666
1763	1764	7	3.4	204	1640	40590.59698511507	001000000	000010000	8.03921568627451
1764	1765	7	3.4	180	1640	35055.73006327584	001000000	000010000	9.11111111111111
1765	1766	7	3.4	252	1640	51660.33082879358	001000000	000010000	6.507936507936508
1766	1767	7	3.3	204	1640	40348.92613382604	100000000	000000010	8.03921568627451
1767	1768	7	3.3	192	1640	37581.49267290642	100000000	000000010	8.541666666666666
1768	1769	7	3.3	180	1640	34814.05921198681	100000000	000000010	9.11111111111111
1769	1770	7	3.3	192	1640	37581.49267290642	100000000	000000010	8.541666666666666
1770	1771	7	3.3	204	1640	40348.92613382604	100000000	000000010	8.03921568627451
1771	1772	7	3.3	180	1640	34814.05921198681	100000000	000000010	9.11111111111111
1772	1773	7	3.3	168	1640	32046.62575106717	100000000	000000010	9.761904761904763
1773	1774	7	3.3	192	1640	37581.49267290642	100000000	000000010	8.541666666666666
1774	1775	7	3.3	192	1640	37581.49267290642	100000000	000000001	8.541666666666666
1775	1776	7	3.3	204	1640	40348.92613382604	100000000	000000001	8.03921568627451
1776	1777	7	3.3	204	1640	40348.92613382604	100000000	000000001	8.03921568627451
1777	1778	7	3.3	192	1640	37581.49267290642	100000000	000000001	8.541666666666666
1778	1779	7	3.3	216	1640	43116.35959474568	100000000	000000001	7.592592592592593
1779	1780	7	3.3	204	1640	40348.92613382604	100000000	000000001	8.03921568627451
1780	1781	7	3.3	180	1640	34814.05921198681	100000000	000000001	9.11111111111111
1781	1782	7	3.3	216	1640	43116.35959474568	100000000	000000001	7.592592592592593
1782	1783	8	1.0	180	1640	32047.416348331986	010000000	000100000	9.11111111111111
1783	1784	8	1.0	204	1640	37582.28327017123	010000000	000100000	8.03921568627451
1784	1785	8	3.4	228	1640	48917.25062294734	001000000	000010000	7.192982456140351
1785	1786	8	3.4	180	1640	37847.516779268844	001000000	000010000	9.11111111111111
1786	1787	8	3.4	192	1640	40614.95024018847	001000000	000010000	8.541666666666666
1787	1788	8	3.4	192	1640	40614.95024018847	001000000	000010000	8.541666666666666
1788	1789	8	3.4	192	1640	40614.95024018847	001000000	000010000	8.541666666666666
1789	1790	8	3.4	192	1640	40614.95024018847	001000000	000010000	8.541666666666666
1790	1791	8	3.3	192	1640	40373.279388899435	100000000	000000010	8.541666666666666
1791	1792	8	3.3	204	1640	43140.71284981906	100000000	000000010	8.03921568627451
1792	1793	8	3.3	192	1640	40373.279388899435	100000000	000000010	8.541666666666666
1793	1794	8	3.3	192	1640	40373.279388899435	100000000	000000010	8.541666666666666
1794	1795	8	3.3	192	1640	40373.279388899435	100000000	000000010	8.541666666666666
1795	1796	8	3.3	204	1640	43140.71284981906	100000000	000000010	8.03921568627451
1796	1797	8	3.3	204	1640	43140.71284981906	100000000	000000001	8.03921568627451
1797	1798	8	3.3	204	1640	43140.71284981906	100000000	000000001	8.03921568627451
1798	1799	8	3.3	180	1640	37605.84592797981	100000000	000000001	9.11111111111111
1799	1800	8	3.3	192	1640	40373.279388899435	100000000	000000001	8.541666666666666
1800	1801	2	1.0	108	890	-2964.25914385177	000000001	100000000	8.24074074074074
1801	1802	2	1.0	108	890	-2964.25914385177	000000001	100000000	8.24074074074074
1802	1803	2	1.0	84	890	-8499.12606569102	000000001	100000000	10.595238095238095
1803	1804	2	3.3	84	890	-2940.6964860431835	000000001	000000010	10.595238095238095
1804	1805	2	3.3	120	890	5361.603896715693	000001000	000000010	7.416666666666667
1805	1806	2	3.3	84	890	-2940.6964860431835	000000001	000000010	10.595238095238095
1806	1807	2	3.3	108	890	2594.17043579607	000001000	000000010	8.24074074074074
1807	1808	2	3.3	120	890	5361.603896715693	000000001	000000010	7.416666666666667
1808	1809	2	3.3	72	890	-5708.12994696281	000000001	000000010	12.36111111111111
1809	1810	2	3.3	96	890	-173.2630251235605	000001000	000000010	9.270833333333334
1810	1811	2	3.3	108	890	2594.17043579607	000001000	000000010	8.24074074074074
1811	1812	2	3.3	96	890	-173.2630251235605	000000001	000000010	9.270833333333334
1812	1813	2	3.3	108	890	2594.17043579607	000000001	000000010	8.24074074074074
1813	1814	2	3.3	108	890	2594.17043579607	000001000	000000010	8.24074074074074
1814	1815	2	3.3	108	890	2594.17043579607	000000001	000000010	8.24074074074074
1815	1816	2	3.3	108	890	2594.17043579607	000001000	000000010	8.24074074074074
1819	1820	3	1.0	120	890	2594.9610330608702	000000001	100000000	7.416666666666667
1826	1827	3	3.3	96	890	2618.5236908694496	000001000	000000010	9.270833333333334
1848	1849	4	3.4	108	890	8419.414719071123	001000000	000010000	8.24074074074074
1850	1851	4	3.4	108	890	8419.414719071123	000000100	000010000	8.24074074074074
1856	1857	4	3.1	132	890	13229.26908704327	000100000	000010000	6.742424242424242
1858	1859	4	3.4	120	890	11186.848179990746	001000000	000010000	7.416666666666667
1876	1877	4	3.2	96	890	5168.63955557342	000000010	000000010	9.270833333333334
1879	1880	4	3.2	108	890	7936.07301649305	000000010	000000010	8.24074074074074
1890	1891	4	3.3	108	890	8177.743867782083	000001000	000000001	8.24074074074074
1899	1900	5	3.3	108	890	10969.530583775086	100000000	010000000	8.24074074074074
1912	1913	5	2.0	108	890	7827.809517017617	000010000	001000000	8.24074074074074
1913	1914	5	2.0	108	890	7827.809517017617	000010000	001000000	8.24074074074074
1915	1916	5	3.4	96	890	8443.767974144503	001000000	000010000	9.270833333333334
1918	1919	5	3.4	108	890	11211.201435064126	001000000	000001000	8.24074074074074
1930	1931	5	3.4	108	890	11211.201435064126	001000000	000000100	8.24074074074074
1943	1944	6	3.4	120	890	16770.421611976766	001000000	000010000	7.416666666666667
1944	1945	6	3.4	108	890	14002.988151057136	001000000	000010000	8.24074074074074
1945	1946	6	3.4	108	890	14002.988151057136	001000000	000010000	8.24074074074074
1948	1949	6	3.3	96	890	10993.883838848473	100000000	000000010	9.270833333333334
1950	1951	6	3.3	108	890	13761.317299768096	100000000	000000001	8.24074074074074
1959	1960	7	1.0	96	890	8227.240975193643	010000000	000100000	9.270833333333334
1961	1962	7	3.4	96	890	14027.341406130516	001000000	000010000	9.270833333333334
1971	1972	7	3.3	120	890	19320.53747668073	100000000	000000010	7.416666666666667
1972	1973	7	3.3	132	890	22087.97093760036	100000000	000000010	6.742424242424242
1979	1980	7	3.3	120	890	19320.53747668073	100000000	000000001	7.416666666666667
1982	1983	8	1.0	108	890	13786.461152106283	010000000	000100000	8.24074074074074
1983	1984	8	1.0	108	890	13786.461152106283	010000000	000100000	8.24074074074074
1984	1985	8	3.4	96	890	16819.128122123526	001000000	000010000	9.270833333333334
1985	1986	8	3.4	96	890	16819.128122123526	001000000	000010000	9.270833333333334
1986	1987	8	3.4	120	890	22353.99504396278	001000000	000010000	7.416666666666667
1987	1988	8	3.4	96	890	16819.128122123526	001000000	000010000	9.270833333333334
1988	1989	8	3.4	96	890	16819.128122123526	001000000	000010000	9.270833333333334
1989	1990	8	3.4	108	890	19586.561583043156	001000000	000010000	8.24074074074074
1990	1991	8	3.3	108	890	19344.890731754116	100000000	000000010	8.24074074074074
1991	1992	8	3.3	108	890	19344.890731754116	100000000	000000010	8.24074074074074
1992	1993	8	3.3	96	890	16577.457270834486	100000000	000000010	9.270833333333334
1993	1994	8	3.3	120	890	22112.32419267374	100000000	000000010	7.416666666666667
1994	1995	8	3.3	96	890	16577.457270834486	100000000	000000010	9.270833333333334
1995	1996	8	3.3	120	890	22112.32419267374	100000000	000000010	7.416666666666667
1996	1997	8	3.3	96	890	16577.457270834486	100000000	000000001	9.270833333333334
1997	1998	8	3.3	96	890	16577.457270834486	100000000	000000001	9.270833333333334
1998	1999	8	3.3	120	890	22112.32419267374	100000000	000000001	7.416666666666667
1999	2000	8	3.3	120	890	22112.32419267374	100000000	000000001	7.416666666666667
2000	2001	2	1.0	156	1200	8790.10119785268	000000001	100000000	7.6923076923076925
2001	2002	2	1.0	156	1200	8790.10119785268	000000001	100000000	7.6923076923076925
2002	2003	2	1.0	144	1200	6022.66773693305	000000001	100000000	8.333333333333334
2003	2004	2	3.3	132	1200	8813.66385566126	000000001	000000010	9.090909090909092
2004	2005	2	3.3	144	1200	11581.097316580883	000001000	000000010	8.333333333333334
2005	2006	2	3.3	192	1200	22650.83116025939	000000001	000000010	6.25
2006	2007	2	3.3	156	1200	14348.530777500513	000001000	000000010	7.6923076923076925
2007	2008	2	3.3	144	1200	11581.097316580883	000000001	000000010	8.333333333333334
2008	2009	2	3.3	144	1200	11581.097316580883	000000001	000000010	8.333333333333334
2009	2010	2	3.3	108	1200	3278.7969338220137	000001000	000000010	11.11111111111111
2010	2011	2	3.3	144	1200	11581.097316580883	000001000	000000010	8.333333333333334
2011	2012	2	3.3	144	1200	11581.097316580883	000000001	000000010	8.333333333333334
2012	2013	2	3.3	132	1200	8813.66385566126	000000001	000000010	9.090909090909092
2013	2014	2	3.3	144	1200	11581.097316580883	000001000	000000010	8.333333333333334
2014	2015	2	3.3	156	1200	14348.530777500513	000000001	000000010	7.6923076923076925
2015	2016	2	3.3	120	1200	6046.230394741637	000001000	000000010	10.0
2019	2020	3	1.0	132	1200	6047.020992006437	000000001	100000000	9.090909090909092
2026	2027	3	3.3	168	1200	19907.750954413146	000001000	000000010	7.142857142857143
2048	2049	4	3.4	144	1200	17406.341599855943	001000000	000010000	8.333333333333334
2050	2051	4	3.4	144	1200	17406.341599855943	000000100	000010000	8.333333333333334
2056	2057	4	3.1	144	1200	16681.329045988838	000100000	000010000	8.333333333333334
2058	2059	4	3.4	144	1200	17406.341599855943	001000000	000010000	8.333333333333334
2076	2077	4	3.2	156	1200	19690.4333581975	000000010	000000010	7.6923076923076925
2079	2080	4	3.2	120	1200	11388.132975438624	000000010	000000010	10.0
2090	2091	4	3.3	156	1200	19932.104209486533	000001000	000000001	7.6923076923076925
2099	2100	5	3.3	156	1200	22723.890925479536	100000000	010000000	7.6923076923076925
2112	2113	5	2.0	156	1200	19582.169858722067	000010000	001000000	7.6923076923076925
2113	2114	5	2.0	156	1200	19582.169858722067	000010000	001000000	7.6923076923076925
2115	2116	5	3.4	132	1200	17430.694854929323	001000000	000010000	9.090909090909092
2118	2119	5	3.4	156	1200	22965.561776768576	001000000	000001000	7.6923076923076925
2130	2131	5	3.4	144	1200	20198.128315848946	001000000	000000100	8.333333333333334
2143	2144	6	3.4	132	1200	20222.481570922333	001000000	000010000	9.090909090909092
2144	2145	6	3.4	132	1200	20222.481570922333	001000000	000010000	9.090909090909092
2145	2146	6	3.4	108	1200	14687.614649083087	001000000	000010000	11.11111111111111
2148	2149	6	3.3	144	1200	22748.244180552916	100000000	000000010	8.333333333333334
2150	2151	6	3.3	144	1200	22748.244180552916	100000000	000000001	8.333333333333334
2159	2160	7	1.0	144	1200	19981.601316898094	010000000	000100000	8.333333333333334
2161	2162	7	3.4	144	1200	25781.701747834966	001000000	000010000	8.333333333333334
2171	2172	7	3.3	120	1200	20005.16397470668	100000000	000000010	10.0
2172	2173	7	3.3	144	1200	25540.030896545926	100000000	000000010	8.333333333333334
2179	2180	7	3.3	144	1200	25540.030896545926	100000000	000000001	8.333333333333334
2182	2183	8	1.0	168	1200	28308.254954730364	010000000	000100000	7.142857142857143
2183	2184	8	1.0	132	1200	20005.954571971473	010000000	000100000	9.090909090909092
2184	2185	8	3.4	180	1200	36875.788846586845	001000000	000010000	6.666666666666667
2185	2186	8	3.4	144	1200	28573.488463827962	001000000	000010000	8.333333333333334
2186	2187	8	3.4	144	1200	28573.488463827962	001000000	000010000	8.333333333333334
2187	2188	8	3.4	156	1200	31340.9219247476	001000000	000010000	7.6923076923076925
2188	2189	8	3.4	144	1200	28573.488463827962	001000000	000010000	8.333333333333334
2189	2190	8	3.4	156	1200	31340.9219247476	001000000	000010000	7.6923076923076925
2190	2191	8	3.3	144	1200	28331.81761253893	100000000	000000010	8.333333333333334
2191	2192	8	3.3	156	1200	31099.251073458567	100000000	000000010	7.6923076923076925
2192	2193	8	3.3	120	1200	22796.950690699683	100000000	000000010	10.0
2193	2194	8	3.3	144	1200	28331.81761253893	100000000	000000010	8.333333333333334
2194	2195	8	3.3	132	1200	25564.384151619306	100000000	000000010	9.090909090909092
2195	2196	8	3.3	120	1200	22796.950690699683	100000000	000000010	10.0
2196	2197	8	3.3	168	1200	33866.68453437819	100000000	000000001	7.142857142857143
2197	2198	8	3.3	144	1200	28331.81761253893	100000000	000000001	8.333333333333334
2198	2199	8	3.3	132	1200	25564.384151619306	100000000	000000001	9.090909090909092
2199	2200	8	3.3	108	1200	20029.51722978006	100000000	000000001	11.11111111111111
2200	2201	2	1.0	168	1500	12220.07643105548	000000001	100000000	8.928571428571429
2201	2202	2	1.0	180	1500	14987.50989197511	000000001	100000000	8.333333333333334
2202	2203	2	1.0	168	1500	12220.07643105548	000000001	100000000	8.928571428571429
2203	2204	2	3.3	192	1500	23313.372932542567	000000001	000000010	7.8125
2204	2205	2	3.3	168	1500	17778.506010703313	000001000	000000010	8.928571428571429
2205	2206	2	3.3	180	1500	20545.939471622944	000000001	000000010	8.333333333333334
2206	2207	2	3.3	192	1500	23313.372932542567	000001000	000000010	7.8125
2207	2208	2	3.3	156	1500	15011.07254978369	000000001	000000010	9.615384615384615
2208	2209	2	3.3	192	1500	23313.372932542567	000000001	000000010	7.8125
2209	2210	2	3.3	180	1500	20545.939471622944	000001000	000000010	8.333333333333334
2210	2211	2	3.3	204	1500	26080.80639346219	000001000	000000010	7.352941176470588
2211	2212	2	3.3	204	1500	26080.80639346219	000000001	000000010	7.352941176470588
2212	2213	2	3.3	180	1500	20545.939471622944	000000001	000000010	8.333333333333334
2213	2214	2	3.3	204	1500	26080.80639346219	000001000	000000010	7.352941176470588
2214	2215	2	3.3	216	1500	28848.239854381827	000000001	000000010	6.944444444444445
2215	2216	2	3.3	156	1500	15011.07254978369	000001000	000000010	9.615384615384615
2219	2220	3	1.0	204	1500	23314.163529807367	000000001	100000000	7.352941176470588
2226	2227	3	3.3	168	1500	20570.292726696323	000001000	000000010	8.928571428571429
2248	2249	4	3.4	180	1500	26371.183754898004	001000000	000010000	8.333333333333334
2250	2251	4	3.4	144	1500	18068.88337213912	000000100	000010000	10.416666666666666
2256	2257	4	3.1	204	1500	31181.038122870144	000100000	000010000	7.352941176470588
2258	2259	4	3.4	192	1500	29138.61721581762	001000000	000010000	7.8125
2276	2277	4	3.2	168	1500	23120.4085914003	000000010	000000010	8.928571428571429
2279	2280	4	3.2	156	1500	20352.975130480678	000000010	000000010	9.615384615384615
2290	2291	4	3.3	192	1500	28896.946364528587	000001000	000000001	7.8125
2299	2300	5	3.3	168	1500	26153.866158682336	100000000	010000000	8.928571428571429
2312	2313	5	2.0	204	1500	31314.445474683744	000010000	001000000	7.352941176470588
2313	2314	5	2.0	180	1500	25779.578552844498	000010000	001000000	8.333333333333334
2315	2316	5	3.4	204	1500	34697.837392730245	001000000	000010000	7.352941176470588
2318	2319	5	3.4	180	1500	29162.970470891	001000000	000001000	8.333333333333334
2330	2331	5	3.4	204	1500	34697.837392730245	001000000	000000100	7.352941176470588
2343	2344	6	3.4	168	1500	29187.32372596438	001000000	000010000	8.928571428571429
2344	2345	6	3.4	204	1500	37489.62410872326	001000000	000010000	7.352941176470588
2345	2346	6	3.4	180	1500	31954.757186884017	001000000	000010000	8.333333333333334
2348	2349	6	3.3	156	1500	26178.219413755724	100000000	000000010	9.615384615384615
2350	2351	6	3.3	156	1500	26178.219413755724	100000000	000000001	9.615384615384615
2359	2360	7	1.0	168	1500	26179.010011020524	010000000	000100000	8.928571428571429
2361	2362	7	3.4	168	1500	31979.110441957397	001000000	000010000	8.928571428571429
2371	2372	7	3.3	180	1500	34504.87305158799	100000000	000000010	8.333333333333334
2372	2373	7	3.3	192	1500	37272.30651250761	100000000	000000010	7.8125
2379	2380	7	3.3	192	1500	37272.30651250761	100000000	000000001	7.8125
2382	2383	8	1.0	168	1500	28970.79672701354	010000000	000100000	8.928571428571429
2383	2384	8	1.0	168	1500	28970.79672701354	010000000	000100000	8.928571428571429
2384	2385	8	3.4	204	1500	43073.19754070927	001000000	000010000	7.352941176470588
2385	2386	8	3.4	180	1500	37538.33061887002	001000000	000010000	8.333333333333334
2386	2387	8	3.4	204	1500	43073.19754070927	001000000	000010000	7.352941176470588
2387	2388	8	3.4	180	1500	37538.33061887002	001000000	000010000	8.333333333333334
2388	2389	8	3.4	168	1500	34770.8971579504	001000000	000010000	8.928571428571429
2389	2390	8	3.4	204	1500	43073.19754070927	001000000	000010000	7.352941176470588
2390	2391	8	3.3	168	1500	34529.22630666137	100000000	000000010	8.928571428571429
2391	2392	8	3.3	144	1500	28994.359384822106	100000000	000000010	10.416666666666666
2392	2393	8	3.3	192	1500	40064.09322850061	100000000	000000010	7.8125
2393	2394	8	3.3	168	1500	34529.22630666137	100000000	000000010	8.928571428571429
2394	2395	8	3.3	180	1500	37296.65976758099	100000000	000000010	8.333333333333334
2395	2396	8	3.3	180	1500	37296.65976758099	100000000	000000010	8.333333333333334
2396	2397	8	3.3	180	1500	37296.65976758099	100000000	000000001	8.333333333333334
2397	2398	8	3.3	156	1500	31761.792845741744	100000000	000000001	9.615384615384615
2398	2399	8	3.3	192	1500	40064.09322850061	100000000	000000001	7.8125
2399	2400	8	3.3	192	1500	40064.09322850061	100000000	000000001	7.8125
