id	id_old	skill	hazard	hours	production	salary	prof_ohe	equip_ohe	prod_ty
0	1	2	1.0	180	1950	20431.70093763243	000000001	100000000	10.833333333333334
1	2	2	1.0	228	1950	28912.630549391764	000000001	100000000	8.552631578947368
2	3	2	1.0	252	1950	34642.24756327581	000000001	100000000	7.738095238095238
3	4	2	3.3	240	1950	36929.848731417966	000000001	000000010	8.125
4	5	2	3.3	252	1950	40079.09746550229	000001000	000000010	7.738095238095238
5	6	2	3.3	264	1950	41754.69372452255	000000001	000000010	7.386363636363637
6	7	2	3.3	240	1950	36929.848731417966	000001000	000000010	8.125
7	8	2	3.3	240	1950	36929.848731417966	000000001	000000010	8.125
8	9	2	3.3	288	1950	48787.038649090944	000000001	000000010	6.770833333333333
9	10	2	3.3	240	1950	36929.848731417966	000001000	000000010	8.125
10	11	2	3.3	180	1950	24446.03979194083	000001000	000000010	10.833333333333334
11	12	2	3.3	192	1950	26877.20636250175	000000001	000000010	10.15625
12	13	2	3.3	204	1950	29448.35510492552	000000001	000000010	9.558823529411764
13	14	2	3.3	216	1950	32199.761705865152	000001000	000000010	9.027777777777779
14	15	2	3.3	228	1950	34184.418841388804	000000001	000000010	8.552631578947368
15	16	2	3.3	228	1950	34184.418841388804	000001000	000000010	8.552631578947368
19	20	3	1.0	240	1950	31492.9988291915	000000001	100000000	8.125
26	27	3	3.3	240	1950	36929.848731417966	000001000	000000010	8.125
48	49	4	3.4	216	1950	36530.78861660694	001000000	000010000	9.027777777777779
50	51	4	3.4	240	1950	41151.62767518569	000000100	000010000	8.125
56	57	4	3.1	228	1950	34864.12914056069	000100000	000010000	8.552631578947368
58	59	4	3.4	204	1950	33570.57977134617	001000000	000010000	9.558823529411764
76	77	4	3.2	264	1950	45007.16937020033	000000010	000000010	7.386363636363637
79	80	4	3.2	192	1950	28650.32162694225	000000010	000000010	10.15625
90	91	4	3.3	228	1950	37131.02021693053	000001000	000000001	8.552631578947368
99	100	5	3.3	216	1950	37692.36707101608	100000000	010000000	9.027777777777779
112	113	5	2.0	252	1950	43484.23253517629	000010000	001000000	7.738095238095238
113	114	5	2.0	204	1950	31435.40668164506	000010000	001000000	9.558823529411764
115	116	5	3.4	216	1950	38950.94368118699	001000000	000010000	9.027777777777779
118	119	5	3.4	276	1950	56352.877817693035	001000000	000001000	7.065217391304348
130	131	5	3.4	204	1950	35990.734835926225	001000000	000000100	9.558823529411764
143	144	6	3.4	276	1950	60003.959134198994	001000000	000010000	7.065217391304348
144	145	6	3.4	228	1950	45310.2110891994	001000000	000010000	8.552631578947368
145	146	6	3.4	228	1950	45310.2110891994	001000000	000010000	8.552631578947368
148	149	6	3.3	216	1950	40580.10638020754	100000000	000000010	9.027777777777779
150	151	6	3.3	300	1950	65022.069062427254	100000000	000000001	6.5
159	160	7	1.0	252	1950	49849.32129497715	010000000	000100000	7.738095238095238
161	162	7	3.4	228	1950	50214.967333959896	001000000	000010000	8.552631578947368
171	172	7	3.3	252	1950	56261.61170825449	100000000	000000010	7.738095238095238
172	173	7	3.3	276	1950	64445.42259551847	100000000	000000010	7.065217391304348
179	180	7	3.3	204	1950	41526.79846366008	100000000	000000001	9.558823529411764
182	183	8	1.0	264	1950	52619.158755291115	010000000	000100000	7.386363636363637
183	184	8	1.0	216	1950	39960.82916958211	010000000	000100000	9.027777777777779
184	185	8	3.4	228	1950	50214.967333959896	001000000	000010000	8.552631578947368
185	186	8	3.4	192	1950	39190.69286232418	001000000	000010000	10.15625
186	187	8	3.4	228	1950	50214.967333959896	001000000	000010000	8.552631578947368
187	188	8	3.4	240	1950	54075.799093174355	001000000	000010000	8.125
188	189	8	3.4	288	1950	69775.36300547351	001000000	000010000	6.770833333333333
189	190	8	3.4	240	1950	54075.799093174355	001000000	000010000	8.125
190	191	8	3.3	204	1950	41526.79846366008	100000000	000000010	9.558823529411764
191	192	8	3.3	240	1950	52646.23068866497	100000000	000000010	8.125
192	193	8	3.3	288	1950	67777.11785122799	100000000	000000010	6.770833333333333
193	194	8	3.3	228	1950	48785.39892945051	100000000	000000010	8.552631578947368
194	195	8	3.3	228	1950	48785.39892945051	100000000	000000010	8.552631578947368
195	196	8	3.3	216	1950	44914.336991058946	100000000	000000010	9.027777777777779
196	197	8	3.3	228	1950	48785.39892945051	100000000	000000001	8.552631578947368
197	198	8	3.3	228	1950	48785.39892945051	100000000	000000001	8.552631578947368
198	199	8	3.3	252	1950	56261.61170825449	100000000	000000001	7.738095238095238
199	200	8	3.3	252	1950	56261.61170825449	100000000	000000001	7.738095238095238
200	201	2	1.0	204	1460	20672.558868058335	000000001	100000000	7.1568627450980395
201	202	2	1.0	204	1460	20672.558868058335	000000001	100000000	7.1568627450980395
202	203	2	1.0	204	1460	20672.558868058335	000000001	100000000	7.1568627450980395
203	204	2	3.3	144	1460	16438.042765822076	000000001	000000010	10.13888888888889
204	205	2	3.3	156	1460	18298.117833961598	000001000	000000010	9.35897435897436
205	206	2	3.3	168	1460	19672.790260400576	000000001	000000010	8.69047619047619
206	207	2	3.3	156	1460	18298.117833961598	000001000	000000010	9.35897435897436
207	208	2	3.3	180	1460	21904.24525452671	000000001	000000010	8.11111111111111
208	209	2	3.3	192	1460	24510.15434825512	000000001	000000010	7.604166666666667
209	210	2	3.3	180	1460	21938.428451357562	000001000	000000010	8.11111111111111
210	211	2	3.3	204	1460	27081.303090678888	000001000	000000010	7.1568627450980395
211	212	2	3.3	168	1460	19672.790260400576	000000001	000000010	8.69047619047619
212	213	2	3.3	216	1460	29810.529413981243	000000001	000000010	6.7592592592592595
213	214	2	3.3	144	1460	16472.225962652927	000001000	000000010	10.13888888888889
214	215	2	3.3	192	1460	24510.15434825512	000000001	000000010	7.604166666666667
215	216	2	3.3	192	1460	24510.15434825512	000001000	000000010	7.604166666666667
219	220	3	1.0	168	1460	15558.692328190082	000000001	100000000	8.69047619047619
226	227	3	3.3	180	1460	21938.428451357562	000001000	000000010	8.11111111111111
248	249	4	3.4	192	1460	28338.801414625923	001000000	000010000	7.604166666666667
250	251	4	3.4	168	1460	22128.927129842246	000000100	000010000	8.69047619047619
256	257	4	3.1	216	1460	29795.6187126957	000100000	000010000	6.7592592592592595
258	259	4	3.4	192	1460	28338.801414625923	001000000	000010000	7.604166666666667
276	277	4	3.2	168	1460	20848.876095015283	000000010	000000010	8.69047619047619
279	280	4	3.2	180	1460	23162.074179351664	000000010	000000010	8.11111111111111
290	291	4	3.3	144	1460	18112.682145972703	000001000	000000001	10.13888888888889
299	300	5	3.3	168	1460	22805.785538896773	100000000	010000000	8.69047619047619
312	313	5	2.0	180	1460	22902.601744499265	000010000	001000000	8.11111111111111
313	314	5	2.0	192	1460	25827.451653184282	000010000	001000000	7.604166666666667
315	316	5	3.4	180	1460	27554.71523393475	001000000	000010000	8.11111111111111
318	319	5	3.4	156	1460	22415.180588184907	001000000	000001000	9.35897435897436
330	331	5	3.4	168	1460	23779.75095698596	001000000	000000100	8.69047619047619
343	344	6	3.4	156	1460	24120.28008520784	001000000	000010000	9.35897435897436
344	345	6	3.4	156	1460	24120.28008520784	001000000	000010000	9.35897435897436
345	346	6	3.4	180	1460	29486.376862457335	001000000	000010000	8.11111111111111
348	349	6	3.3	192	1460	31980.56366211607	100000000	000000010	7.604166666666667
350	351	6	3.3	168	1460	25023.74604496867	100000000	000000001	8.69047619047619
359	360	7	1.0	192	1460	29594.32334623189	010000000	000100000	7.604166666666667
361	362	7	3.4	156	1460	26452.822286514078	001000000	000010000	9.35897435897436
371	372	7	3.3	156	1460	25577.042771218534	100000000	000000010	9.35897435897436
372	373	7	3.3	180	1460	30999.76825450381	100000000	000000010	8.11111111111111
379	380	7	3.3	144	1460	23323.142024229037	100000000	000000001	10.13888888888889
382	383	8	1.0	180	1460	26366.536684637507	010000000	000100000	8.11111111111111
383	384	8	1.0	144	1460	18972.92022399479	010000000	000100000	10.13888888888889
384	385	8	3.4	180	1460	31784.47368735532	001000000	000010000	8.11111111111111
385	386	8	3.4	144	1460	24198.92153952458	001000000	000010000	10.13888888888889
386	387	8	3.4	192	1460	35281.62124770194	001000000	000010000	7.604166666666667
387	388	8	3.4	216	1460	42510.87908676409	001000000	000010000	6.7592592592592595
388	389	8	3.4	156	1460	26452.822286514078	001000000	000010000	9.35897435897436
389	390	8	3.4	192	1460	35281.62124770194	001000000	000010000	7.604166666666667
390	391	8	3.3	156	1460	25577.042771218534	100000000	000000010	9.35897435897436
391	392	8	3.3	180	1460	30999.76825450381	100000000	000000010	8.11111111111111
392	393	8	3.3	180	1460	30999.76825450381	100000000	000000010	8.11111111111111
393	394	8	3.3	180	1460	30999.76825450381	100000000	000000010	8.11111111111111
394	395	8	3.3	132	1460	21478.44053570445	100000000	000000010	11.06060606060606
395	396	8	3.3	192	1460	34160.87016324467	100000000	000000010	7.604166666666667
396	397	8	3.3	156	1460	25577.042771218534	100000000	000000001	9.35897435897436
397	398	8	3.3	192	1460	34160.87016324467	100000000	000000001	7.604166666666667
398	399	8	3.3	204	1460	37875.39194548098	100000000	000000001	7.1568627450980395
399	400	8	3.3	180	1460	30999.76825450381	100000000	000000001	8.11111111111111
400	401	2	1.0	192	1430	18822.051454288227	000000001	100000000	7.447916666666667
401	402	2	1.0	180	1430	17743.11468483522	000000001	100000000	7.944444444444445
402	403	2	1.0	192	1430	18822.051454288227	000000001	100000000	7.447916666666667
403	404	2	3.3	192	1430	24397.41176314468	000000001	000000010	7.447916666666667
404	405	2	3.3	180	1430	21825.68586624712	000001000	000000010	7.944444444444445
405	406	2	3.3	180	1430	21791.50266941627	000000001	000000010	7.944444444444445
406	407	2	3.3	156	1430	18185.375248851156	000001000	000000010	9.166666666666666
407	408	2	3.3	168	1430	19560.047675290134	000000001	000000010	8.511904761904763
408	409	2	3.3	180	1430	21791.50266941627	000000001	000000010	7.944444444444445
409	410	2	3.3	156	1430	18185.375248851156	000001000	000000010	9.166666666666666
410	411	2	3.3	168	1430	19594.230872120985	000001000	000000010	8.511904761904763
411	412	2	3.3	168	1430	19560.047675290134	000000001	000000010	8.511904761904763
412	413	2	3.3	168	1430	19560.047675290134	000000001	000000010	8.511904761904763
413	414	2	3.3	228	1430	31679.523110086833	000001000	000000010	6.271929824561403
414	415	2	3.3	168	1430	19560.047675290134	000000001	000000010	8.511904761904763
415	416	2	3.3	180	1430	21825.68586624712	000001000	000000010	7.944444444444445
419	420	3	1.0	168	1430	15585.292394676333	000000001	100000000	8.511904761904763
426	427	3	3.3	168	1430	19594.230872120985	000001000	000000010	8.511904761904763
448	449	4	3.4	168	1430	21764.31129397835	001000000	000010000	8.511904761904763
450	451	4	3.4	192	1430	27210.42615082758	000000100	000010000	7.447916666666667
456	457	4	3.1	168	1430	19430.689855468412	000100000	000010000	8.511904761904763
458	459	4	3.4	180	1430	25612.908274894395	001000000	000010000	7.944444444444445
476	477	4	3.2	180	1430	23049.331594241223	000000010	000000010	7.944444444444445
479	480	4	3.2	192	1430	25945.52148946626	000000010	000000010	7.447916666666667
490	491	4	3.3	156	1430	19825.831432170933	000001000	000000001	9.166666666666666
499	500	5	3.3	168	1430	22734.118592267307	100000000	010000000	8.511904761904763
512	513	5	2.0	156	1430	19573.844723341837	000010000	001000000	9.166666666666666
513	514	5	2.0	168	1430	20673.11250771092	000010000	001000000	8.511904761904763
515	516	5	3.4	168	1430	23708.084010356495	001000000	000010000	8.511904761904763
518	519	5	3.4	192	1430	30267.781937026957	001000000	000001000	7.447916666666667
530	531	5	3.4	192	1430	30267.781937026957	001000000	000000100	7.447916666666667
543	544	6	3.4	180	1430	29414.70991582787	001000000	000010000	7.944444444444445
544	545	6	3.4	132	1430	20215.568805622883	001000000	000010000	10.833333333333334
545	546	6	3.4	156	1430	24048.613138578374	001000000	000010000	9.166666666666666
548	549	6	3.3	168	1430	24952.079098339203	100000000	000000010	8.511904761904763
550	551	6	3.3	168	1430	24952.079098339203	100000000	000000001	8.511904761904763
559	560	7	1.0	204	1430	32501.83697515219	010000000	000100000	7.009803921568627
561	562	7	3.4	144	1430	24033.583157962155	001000000	000010000	9.930555555555555
571	572	7	3.3	204	1430	37750.621720978335	100000000	000000010	7.009803921568627
572	573	7	3.3	156	1430	25411.704389656108	100000000	000000010	9.166666666666666
579	580	7	3.3	180	1430	30834.429872941386	100000000	000000001	7.944444444444445
582	583	8	1.0	156	1430	21235.221558837577	010000000	000100000	9.166666666666666
583	584	8	1.0	204	1430	32501.83697515219	010000000	000100000	7.009803921568627
584	585	8	3.4	180	1430	31619.135305792894	001000000	000010000	7.944444444444445
585	586	8	3.4	192	1430	35116.2828661395	001000000	000010000	7.447916666666667
586	587	8	3.4	192	1430	35116.2828661395	001000000	000010000	7.447916666666667
587	588	8	3.4	168	1430	27844.171028844106	001000000	000010000	8.511904761904763
588	589	8	3.4	180	1430	31619.135305792894	001000000	000010000	7.944444444444445
589	590	8	3.4	192	1430	35116.2828661395	001000000	000010000	7.447916666666667
590	591	8	3.3	192	1430	33995.53178168223	100000000	000000010	7.447916666666667
591	592	8	3.3	156	1430	25411.704389656108	100000000	000000010	9.166666666666666
592	593	8	3.3	168	1430	27059.4655959926	100000000	000000010	8.511904761904763
593	594	8	3.3	144	1430	23157.80364266661	100000000	000000010	9.930555555555555
594	595	8	3.3	180	1430	30834.429872941386	100000000	000000010	7.944444444444445
595	596	8	3.3	180	1430	30834.429872941386	100000000	000000010	7.944444444444445
596	597	8	3.3	168	1430	27059.4655959926	100000000	000000001	8.511904761904763
597	598	8	3.3	156	1430	25411.704389656108	100000000	000000001	9.166666666666666
598	599	8	3.3	168	1430	27059.4655959926	100000000	000000001	8.511904761904763
599	600	8	3.3	156	1430	25411.704389656108	100000000	000000001	9.166666666666666
600	601	2	1.0	204	1790	22251.19020259413	000000001	100000000	8.77450980392157
601	602	2	1.0	192	1790	20330.593710970345	000000001	100000000	9.322916666666666
602	603	2	1.0	216	1790	25238.286332475116	000000001	100000000	8.287037037037036
603	604	2	3.3	204	1790	28983.32268147391	000000001	000000010	8.77450980392157
604	605	2	3.3	216	1790	31734.729282413544	000001000	000000010	8.287037037037036
605	606	2	3.3	240	1790	36421.32729659893	000000001	000000010	7.458333333333333
606	607	2	3.3	228	1790	33675.89740656977	000001000	000000010	7.850877192982456
607	608	2	3.3	204	1790	28983.32268147391	000000001	000000010	8.77450980392157
608	609	2	3.3	216	1790	31734.729282413544	000000001	000000010	8.287037037037036
609	610	2	3.3	192	1790	26368.684927682716	000001000	000000010	9.322916666666666
610	611	2	3.3	264	1790	41223.99201206625	000001000	000000010	6.78030303030303
611	612	2	3.3	192	1790	26368.684927682716	000000001	000000010	9.322916666666666
612	613	2	3.3	252	1790	39570.57603068325	000000001	000000010	7.103174603174603
613	614	2	3.3	216	1790	31734.729282413544	000001000	000000010	8.287037037037036
614	615	2	3.3	192	1790	26368.684927682716	000000001	000000010	9.322916666666666
615	616	2	3.3	192	1790	26368.684927682716	000001000	000000010	9.322916666666666
619	620	3	1.0	216	1790	25238.286332475116	000000001	100000000	8.287037037037036
626	627	3	3.3	216	1790	31734.729282413544	000001000	000000010	8.287037037037036
648	649	4	3.4	216	1790	35670.184643802146	001000000	000010000	8.287037037037036
650	651	4	3.4	204	1790	32143.5419535236	000000100	000010000	8.77450980392157
656	657	4	3.1	240	1790	36931.306227704496	000100000	000010000	7.458333333333333
658	659	4	3.4	204	1790	32709.97579854138	001000000	000010000	8.77450980392157
676	677	4	3.2	192	1790	28100.57703277204	000000010	000000010	9.322916666666666
679	680	4	3.2	216	1790	33840.0634314689	000000010	000000010	8.287037037037036
690	691	4	3.3	216	1790	34053.39304172388	000001000	000000001	8.287037037037036
699	700	5	3.3	216	1790	36570.4846644103	100000000	010000000	8.287037037037036
712	713	5	2.0	240	1790	38919.65966679767	000010000	001000000	7.458333333333333
713	714	5	2.0	264	1790	44960.46547166282	000010000	001000000	6.78030303030303
715	716	5	3.4	240	1790	44155.36178056337	001000000	000010000	7.458333333333333
718	719	5	3.4	216	1790	37862.742171959	001000000	000001000	8.287037037037036
730	731	5	3.4	240	1790	44155.36178056337	001000000	000000100	7.458333333333333
743	744	6	3.4	156	1790	26502.508276098688	001000000	000010000	11.474358974358974
744	745	6	3.4	240	1790	47549.338097664	001000000	000010000	7.458333333333333
745	746	6	3.4	228	1790	44232.48914732083	001000000	000010000	7.850877192982456
748	749	6	3.3	228	1790	43430.10077471921	100000000	000000010	7.850877192982456
750	751	6	3.3	228	1790	43430.10077471921	100000000	000000001	7.850877192982456
759	760	7	1.0	216	1790	38841.00283208375	010000000	000100000	8.287037037037036
761	762	7	3.4	228	1790	49384.23748837887	001000000	000010000	7.850877192982456
771	772	7	3.3	228	1790	47954.669083869485	100000000	000000010	7.850877192982456
772	773	7	3.3	216	1790	44073.1275781285	100000000	000000010	8.287037037037036
779	780	7	3.3	216	1790	44073.1275781285	100000000	000000001	8.287037037037036
782	783	8	1.0	228	1790	42512.32519489024	010000000	000100000	7.850877192982456
783	784	8	1.0	228	1790	42512.32519489024	010000000	000100000	7.850877192982456
784	785	8	3.4	204	1790	42131.04131303426	001000000	000010000	8.77450980392157
785	786	8	3.4	192	1790	38359.96301674315	001000000	000010000	9.322916666666666
786	787	8	3.4	204	1790	42131.04131303426	001000000	000010000	8.77450980392157
787	788	8	3.4	204	1790	42131.04131303426	001000000	000010000	8.77450980392157
788	789	8	3.4	216	1790	45578.74128845589	001000000	000010000	8.287037037037036
789	790	8	3.4	180	1790	34862.815456396536	001000000	000010000	9.944444444444445
790	791	8	3.3	168	1790	29777.256239137532	100000000	000000010	10.654761904761905
791	792	8	3.3	228	1790	47954.669083869485	100000000	000000010	7.850877192982456
792	793	8	3.3	204	1790	40685.589050729635	100000000	000000010	8.77450980392157
793	794	8	3.3	240	1790	51815.500843083944	100000000	000000010	7.458333333333333
794	795	8	3.3	192	1790	36981.54683584274	100000000	000000010	9.322916666666666
795	796	8	3.3	204	1790	40685.589050729635	100000000	000000010	8.77450980392157
796	797	8	3.3	168	1790	29777.256239137532	100000000	000000001	10.654761904761905
797	798	8	3.3	216	1790	44073.1275781285	100000000	000000001	8.287037037037036
798	799	8	3.3	192	1790	36981.54683584274	100000000	000000001	9.322916666666666
799	800	8	3.3	216	1790	44073.1275781285	100000000	000000001	8.287037037037036
800	801	2	1.0	156	1490	14441.047198499204	000000001	100000000	9.551282051282051
801	802	2	1.0	168	1490	15523.404040769543	000000001	100000000	8.869047619047619
802	803	2	1.0	192	1490	18803.652111748863	000000001	100000000	7.760416666666667
803	804	2	3.3	168	1490	19578.226855866098	000000001	000000010	8.869047619047619
804	805	2	3.3	192	1490	24459.07995508807	000001000	000000010	7.760416666666667
805	806	2	3.3	228	1490	31700.62314497044	000000001	000000010	6.535087719298246
806	807	2	3.3	156	1490	18247.043440794547	000001000	000000010	9.551282051282051
807	808	2	3.3	180	1490	21853.17086135966	000000001	000000010	8.277777777777779
808	809	2	3.3	228	1490	31700.62314497044	000000001	000000010	6.535087719298246
809	810	2	3.3	180	1490	21887.35405819051	000001000	000000010	8.277777777777779
810	811	2	3.3	156	1490	18247.043440794547	000001000	000000010	9.551282051282051
811	812	2	3.3	192	1490	24459.07995508807	000000001	000000010	7.760416666666667
812	813	2	3.3	192	1490	24459.07995508807	000000001	000000010	7.760416666666667
813	814	2	3.3	192	1490	24459.07995508807	000001000	000000010	7.760416666666667
814	815	2	3.3	168	1490	19578.226855866098	000000001	000000010	8.869047619047619
815	816	2	3.3	192	1490	24459.07995508807	000001000	000000010	7.760416666666667
819	820	3	1.0	156	1490	14441.047198499204	000000001	100000000	9.551282051282051
826	827	3	3.3	156	1490	18247.043440794547	000001000	000000010	9.551282051282051
848	849	4	3.4	204	1490	31114.026736106094	001000000	000010000	7.303921568627451
850	851	4	3.4	192	1490	27272.09434277097	000000100	000010000	7.760416666666667
856	857	4	3.1	132	1490	15137.160066695453	000100000	000010000	11.287878787878787
858	859	4	3.4	240	1490	40071.71942832169	001000000	000010000	6.208333333333333
876	877	4	3.2	192	1490	26007.18968140965	000000010	000000010	7.760416666666667
879	880	4	3.2	168	1490	20754.312690480805	000000010	000000010	8.869047619047619
890	891	4	3.3	156	1490	19887.499624114324	000001000	000000001	9.551282051282051
899	900	5	3.3	192	1490	29195.303311269465	100000000	010000000	7.760416666666667
912	913	5	2.0	168	1490	20676.794119074595	000010000	001000000	8.869047619047619
913	914	5	2.0	192	1490	25776.37726001723	000010000	001000000	7.760416666666667
915	916	5	3.4	192	1490	30288.374490489372	001000000	000010000	7.760416666666667
918	919	5	3.4	144	1490	20299.29578227976	001000000	000001000	10.347222222222221
930	931	5	3.4	180	1490	27503.640840767697	001000000	000000100	8.277777777777779
943	944	6	3.4	180	1490	29435.302469290284	001000000	000010000	8.277777777777779
944	945	6	3.4	156	1490	24069.20569204079	001000000	000010000	9.551282051282051
945	946	6	3.4	168	1490	25670.817759690915	001000000	000010000	8.869047619047619
948	949	6	3.3	204	1490	34379.041290245965	100000000	000000010	7.303921568627451
950	951	6	3.3	192	1490	31929.48926894902	100000000	000000001	7.760416666666667
959	960	7	1.0	180	1490	26315.462291470456	010000000	000100000	8.277777777777779
961	962	7	3.4	180	1490	31733.399294188268	001000000	000010000	8.277777777777779
971	972	7	3.3	180	1490	30948.69386133676	100000000	000000010	8.277777777777779
972	973	7	3.3	192	1490	34109.79577007762	100000000	000000010	7.760416666666667
979	980	7	3.3	144	1490	23272.067631061986	100000000	000000001	10.347222222222221
982	983	8	1.0	144	1490	18921.84583082774	010000000	000100000	10.347222222222221
983	984	8	1.0	204	1490	32401.793837072066	010000000	000100000	7.303921568627451
984	985	8	3.4	168	1490	27968.9145845889	001000000	000010000	8.869047619047619
985	986	8	3.4	216	1490	42459.80469359704	001000000	000010000	6.898148148148148
986	987	8	3.4	168	1490	27968.9145845889	001000000	000010000	8.869047619047619
987	988	8	3.4	228	1490	46265.30089352003	001000000	000010000	6.535087719298246
988	989	8	3.4	204	1490	39012.10471817541	001000000	000010000	7.303921568627451
989	990	8	3.4	180	1490	31733.399294188268	001000000	000010000	8.277777777777779
990	991	8	3.3	180	1490	30948.69386133676	100000000	000000010	8.277777777777779
991	992	8	3.3	180	1490	30948.69386133676	100000000	000000010	8.277777777777779
992	993	8	3.3	180	1490	30948.69386133676	100000000	000000010	8.277777777777779
993	994	8	3.3	168	1490	27184.209151737392	100000000	000000010	8.869047619047619
994	995	8	3.3	192	1490	34109.79577007762	100000000	000000010	7.760416666666667
995	996	8	3.3	168	1490	27184.209151737392	100000000	000000010	8.869047619047619
996	997	8	3.3	168	1490	27184.209151737392	100000000	000000001	8.869047619047619
997	998	8	3.3	180	1490	30948.69386133676	100000000	000000001	8.277777777777779
998	999	8	3.3	204	1490	37824.31755231393	100000000	000000001	7.303921568627451
999	1000	8	3.3	168	1490	27184.209151737392	100000000	000000001	8.869047619047619
1000	1001	2	1.0	228	2250	30397.60466872835	000000001	100000000	9.868421052631579
1001	1002	2	1.0	240	2250	32977.972948528084	000000001	100000000	9.375
1002	1003	2	1.0	288	2250	45273.39525005039	000000001	100000000	7.8125
1003	1004	2	3.3	228	2250	36716.99182353342	000000001	000000010	9.868421052631579
1004	1005	2	3.3	252	2250	43290.277798662406	000001000	000000010	8.928571428571429
1005	1006	2	3.3	276	2250	47821.87933738803	000000001	000000010	8.152173913043478
1006	1007	2	3.3	288	2250	52538.977521477485	000001000	000000010	7.8125
1007	1008	2	3.3	300	2250	53530.929348153906	000000001	000000010	7.5
1008	1009	2	3.3	264	2250	44332.91743400021	000000001	000000010	8.522727272727273
1009	1010	2	3.3	300	2250	54481.037460192725	000001000	000000010	7.5
1010	1011	2	3.3	312	2250	56928.040347883005	000001000	000000010	7.211538461538462
1011	1012	2	3.3	264	2250	44332.91743400021	000000001	000000010	8.522727272727273
1012	1013	2	3.3	288	2250	51860.37017046198	000000001	000000010	7.8125
1013	1014	2	3.3	240	2250	40141.0290645781	000001000	000000010	9.375
1014	1015	2	3.3	276	2250	47821.87933738803	000000001	000000010	8.152173913043478
1015	1016	2	3.3	240	2250	40141.0290645781	000001000	000000010	9.375
1019	1020	3	1.0	228	2250	30397.60466872835	000000001	100000000	9.868421052631579
1026	1027	3	3.3	348	2250	61066.235062791304	000001000	000000010	6.4655172413793105
1048	1049	4	3.4	324	2250	65470.798638857406	001000000	000010000	6.944444444444445
1050	1051	4	3.4	276	2250	53232.4867555749	000000100	000010000	8.152173913043478
1056	1057	4	3.1	300	2250	54782.280967622726	000100000	000010000	7.5
1058	1059	4	3.4	204	2250	35557.06988633907	001000000	000010000	11.029411764705882
1076	1077	4	3.2	276	2250	51949.82460769807	000000010	000000010	8.152173913043478
1079	1080	4	3.2	276	2250	51949.82460769807	000000010	000000010	8.152173913043478
1090	1091	4	3.3	228	2250	39936.73555940784	000001000	000000001	9.868421052631579
1099	1100	5	3.3	288	2250	60683.91857068353	100000000	010000000	7.8125
1112	1113	5	2.0	264	2250	49343.90328162637	000010000	001000000	8.522727272727273
1113	1114	5	2.0	324	2250	64593.92237877723	000010000	001000000	6.944444444444445
1115	1116	5	3.4	300	2250	64783.13220411901	001000000	000010000	7.5
1118	1119	5	3.4	252	2250	51109.95396412509	001000000	000001000	8.928571428571429
1130	1131	5	3.4	240	2250	47976.078072788274	001000000	000000100	9.375
1143	1144	6	3.4	288	2250	67281.3259210246	001000000	000010000	7.8125
1144	1145	6	3.4	228	2250	48272.81832444938	001000000	000010000	9.868421052631579
1145	1146	6	3.4	264	2250	60152.792398652746	001000000	000010000	8.522727272727273
1148	1149	6	3.3	276	2250	62055.14567097298	100000000	000000010	8.152173913043478
1150	1151	6	3.3	252	2250	55914.897448345284	100000000	000000001	8.928571428571429
1159	1160	7	1.0	300	2250	68476.47064987989	010000000	000100000	7.5
1161	1162	7	3.4	288	2250	74182.35228804886	001000000	000010000	7.8125
1171	1172	7	3.3	312	2250	76893.1214460359	100000000	000000010	7.211538461538462
1172	1173	7	3.3	228	2250	52261.613112628846	100000000	000000010	9.868421052631579
1179	1180	7	3.3	264	2250	63321.69961248934	100000000	000000001	8.522727272727273
1182	1183	8	1.0	276	2250	61501.29559793442	010000000	000100000	8.152173913043478
1183	1184	8	1.0	264	2250	56456.477631855174	010000000	000100000	8.522727272727273
1184	1185	8	3.4	312	2250	78023.76139812941	001000000	000010000	7.211538461538462
1185	1186	8	3.4	264	2250	65149.77260011551	001000000	000010000	8.522727272727273
1186	1187	8	3.4	264	2250	65149.77260011551	001000000	000010000	8.522727272727273
1187	1188	8	3.4	276	2250	70158.88878939189	001000000	000010000	8.152173913043478
1188	1189	8	3.4	264	2250	65149.77260011551	001000000	000010000	8.522727272727273
1189	1190	8	3.4	264	2250	65149.77260011551	001000000	000010000	8.522727272727273
1190	1191	8	3.3	264	2250	63321.69961248934	100000000	000000010	8.522727272727273
1191	1192	8	3.3	300	2250	75650.27750512611	100000000	000000010	7.5
1192	1193	8	3.3	240	2250	56698.17019260151	100000000	000000010	9.375
1193	1194	8	3.3	300	2250	75650.27750512611	100000000	000000010	7.5
1194	1195	8	3.3	240	2250	56698.17019260151	100000000	000000010	9.375
1195	1196	8	3.3	300	2250	75650.27750512611	100000000	000000010	7.5
1196	1197	8	3.3	324	2250	79189.74579735663	100000000	000000001	6.944444444444445
1197	1198	8	3.3	324	2250	79189.74579735663	100000000	000000001	6.944444444444445
1198	1199	8	3.3	276	2250	68346.352395734	100000000	000000001	8.152173913043478
1199	1200	8	3.3	252	2250	60313.55121219103	100000000	000000001	8.928571428571429
1200	1201	2	1.0	192	1620	18810.205487681407	000000001	100000000	8.4375
1201	1202	2	1.0	204	1620	20687.312967937767	000000001	100000000	7.9411764705882355
1202	1203	2	1.0	192	1620	18810.205487681407	000000001	100000000	8.4375
1203	1204	2	3.3	168	1620	19584.780231798642	000000001	000000010	9.642857142857142
1204	1205	2	3.3	192	1620	24465.633331020614	000001000	000000010	8.4375
1205	1206	2	3.3	180	1620	21816.23522592478	000000001	000000010	9.0
1206	1207	2	3.3	180	1620	21850.41842275563	000001000	000000010	9.0
1207	1208	2	3.3	168	1620	19584.780231798642	000000001	000000010	9.642857142857142
1208	1209	2	3.3	228	1620	31729.356798540255	000000001	000000010	7.105263157894737
1209	1210	2	3.3	168	1620	19618.963428629493	000001000	000000010	9.642857142857142
1210	1211	2	3.3	216	1620	29788.188674384008	000001000	000000010	7.5
1211	1212	2	3.3	216	1620	29788.188674384008	000000001	000000010	7.5
1212	1213	2	3.3	228	1620	31729.356798540255	000000001	000000010	7.105263157894737
1213	1214	2	3.3	216	1620	29788.188674384008	000001000	000000010	7.5
1214	1215	2	3.3	204	1620	27036.78207344438	000000001	000000010	7.9411764705882355
1215	1216	2	3.3	216	1620	29788.188674384008	000001000	000000010	7.5
1219	1220	3	1.0	168	1620	15529.957416702086	000000001	100000000	9.642857142857142
1226	1227	3	3.3	216	1620	29788.188674384008	000001000	000000010	7.5
1248	1249	4	3.4	180	1620	26019.522068401224	001000000	000010000	9.0
1250	1251	4	3.4	228	1620	35352.88020229386	000000100	000010000	7.105263157894737
1256	1257	4	3.1	216	1620	30055.779901746813	000100000	000010000	7.5
1258	1259	4	3.4	192	1620	28648.771124941577	001000000	000010000	8.4375
1276	1277	4	3.2	192	1620	26296.244985990543	000000010	000000010	8.4375
1279	1280	4	3.2	192	1620	26296.244985990543	000000010	000000010	8.4375
1290	1291	4	3.3	192	1620	26548.309227938174	000001000	000000001	8.4375
1299	1300	5	3.3	216	1620	35574.498246887124	100000000	010000000	7.5
1312	1313	5	2.0	204	1620	28734.068336875367	000010000	001000000	7.9411764705882355
1313	1314	5	2.0	204	1620	28734.068336875367	000010000	001000000	7.9411764705882355
1315	1316	5	3.4	192	1620	30664.41373585967	001000000	000010000	8.4375
1318	1319	5	3.4	204	1620	33906.54690917504	001000000	000001000	7.9411764705882355
1330	1331	5	3.4	204	1620	33906.54690917504	001000000	000000100	7.9411764705882355
1343	1344	6	3.4	180	1620	29661.13754001959	001000000	000010000	9.0
1344	1345	6	3.4	216	1620	38788.380200542524	001000000	000010000	7.5
1345	1346	6	3.4	228	1620	42650.53079846419	001000000	000010000	7.105263157894737
1348	1349	6	3.3	192	1620	32072.855973427093	100000000	000000010	8.4375
1350	1351	6	3.3	180	1620	28873.351354011276	100000000	000000001	9.0
1359	1360	7	1.0	192	1620	29686.615657542912	010000000	000100000	8.4375
1361	1362	7	3.4	168	1620	28369.946385510113	001000000	000010000	9.642857142857142
1371	1372	7	3.3	204	1620	37967.684256792	100000000	000000010	7.9411764705882355
1372	1373	7	3.3	192	1620	34253.162474555684	100000000	000000010	8.4375
1379	1380	7	3.3	204	1620	37967.684256792	100000000	000000001	7.9411764705882355
1382	1383	8	1.0	204	1620	32545.16054155015	010000000	000100000	7.9411764705882355
1383	1384	8	1.0	192	1620	29686.615657542912	010000000	000100000	8.4375
1384	1385	8	3.4	216	1620	42860.836494518255	001000000	000010000	7.5
1385	1386	8	3.4	156	1620	26802.77969426824	001000000	000010000	10.384615384615385
1386	1387	8	3.4	180	1620	32144.9106624589	001000000	000010000	9.0
1387	1388	8	3.4	192	1620	35631.5786554561	001000000	000010000	8.4375
1388	1389	8	3.4	192	1620	35631.5786554561	001000000	000010000	8.4375
1389	1390	8	3.4	216	1620	42860.836494518255	001000000	000010000	7.5
1390	1391	8	3.3	180	1620	31102.540133164253	100000000	000000010	9.0
1391	1392	8	3.3	204	1620	37967.684256792	100000000	000000010	7.9411764705882355
1392	1393	8	3.3	192	1620	34253.162474555684	100000000	000000010	8.4375
1393	1394	8	3.3	156	1620	25669.335082529557	100000000	000000010	10.384615384615385
1394	1395	8	3.3	192	1620	34253.162474555684	100000000	000000010	8.4375
1395	1396	8	3.3	180	1620	31102.540133164253	100000000	000000010	9.0
1396	1397	8	3.3	192	1620	34253.162474555684	100000000	000000001	8.4375
1397	1398	8	3.3	204	1620	37967.684256792	100000000	000000001	7.9411764705882355
1398	1399	8	3.3	192	1620	34253.162474555684	100000000	000000001	8.4375
1399	1400	8	3.3	192	1620	34253.162474555684	100000000	000000001	8.4375
1400	1401	2	1.0	192	1930	21269.97330242159	000000001	100000000	10.052083333333334
1401	1402	2	1.0	168	1930	17427.835111540688	000000001	100000000	11.488095238095237
1402	1403	2	1.0	228	1930	28536.625665441567	000000001	100000000	8.464912280701755
1403	1404	2	3.3	228	1930	34100.55071027375	000000001	000000010	8.464912280701755
1404	1405	2	3.3	264	1930	41670.82559340749	000001000	000000010	7.3106060606060606
1405	1406	2	3.3	204	1930	29364.486973810468	000000001	000000010	9.46078431372549
1406	1407	2	3.3	228	1930	34100.55071027375	000001000	000000010	8.464912280701755
1407	1408	2	3.3	264	1930	41670.82559340749	000000001	000000010	7.3106060606060606
1408	1409	2	3.3	276	1930	45334.26765021212	000000001	000000010	6.992753623188406
1409	1410	2	3.3	204	1930	29364.486973810468	000001000	000000010	9.46078431372549
1410	1411	2	3.3	216	1930	32115.893574750102	000001000	000000010	8.935185185185185
1411	1412	2	3.3	264	1930	41670.82559340749	000000001	000000010	7.3106060606060606
1412	1413	2	3.3	192	1930	26793.3382313867	000000001	000000010	10.052083333333334
1413	1414	2	3.3	240	1930	36845.98060030292	000001000	000000010	8.041666666666666
1414	1415	2	3.3	240	1930	36845.98060030292	000000001	000000010	8.041666666666666
1415	1416	2	3.3	240	1930	36845.98060030292	000001000	000000010	8.041666666666666
1419	1420	3	1.0	228	1930	28536.625665441567	000000001	100000000	8.464912280701755
1426	1427	3	3.3	228	1930	34100.55071027375	000001000	000000010	8.464912280701755
1448	1449	4	3.4	276	1930	52835.020323482735	001000000	000010000	6.992753623188406
1450	1451	4	3.4	252	1930	44410.36308660745	000000100	000010000	7.658730158730159
1456	1457	4	3.1	216	1930	32601.88821720644	000100000	000010000	8.935185185185185
1458	1459	4	3.4	264	1930	47657.33476130772	001000000	000010000	7.3106060606060606
1476	1477	4	3.2	252	1930	42824.972527681704	000000010	000000010	7.658730158730159
1479	1480	4	3.2	216	1930	34262.45088315664	000000010	000000010	8.935185185185185
1490	1491	4	3.3	216	1930	34802.73837396547	000001000	000000001	8.935185185185185
1499	1500	5	3.3	240	1930	43731.98392244169	100000000	010000000	8.041666666666666
1512	1513	5	2.0	228	1930	36877.93430950924	000010000	001000000	8.464912280701755
1513	1514	5	2.0	252	1930	43116.6620337055	000010000	001000000	7.658730158730159
1515	1516	5	3.4	252	1930	48082.07201550919	001000000	000010000	7.658730158730159
1518	1519	5	3.4	240	1930	44948.19612417238	001000000	000001000	8.041666666666666
1530	1531	5	3.4	276	1930	56067.990219423475	001000000	000000100	6.992753623188406
1543	1544	6	3.4	252	1930	53263.04291820942	001000000	000010000	7.658730158730159
1544	1545	6	3.4	228	1930	45025.32349092984	001000000	000010000	8.464912280701755
1545	1546	6	3.4	228	1930	45025.32349092984	001000000	000010000	8.464912280701755
1548	1549	6	3.3	216	1930	40295.218781937976	100000000	000000010	8.935185185185185
1550	1551	6	3.3	252	1930	52255.588650054415	100000000	000000001	7.658730158730159
1559	1560	7	1.0	240	1930	45973.31637681677	010000000	000100000	8.041666666666666
1561	1562	7	3.4	228	1930	50177.07183198788	001000000	000010000	8.464912280701755
1571	1572	7	3.3	228	1930	48747.50342747849	100000000	000000010	8.464912280701755
1572	1573	7	3.3	216	1930	44876.44148908693	100000000	000000010	8.935185185185185
1579	1580	7	3.3	252	1930	56223.71620628247	100000000	000000001	7.658730158730159
1582	1583	8	1.0	228	1930	43254.10146356838	010000000	000100000	8.464912280701755
1583	1584	8	1.0	192	1930	33111.48572776385	010000000	000100000	10.052083333333334
1584	1585	8	3.4	252	1930	58035.01039151944	001000000	000010000	7.658730158730159
1585	1586	8	3.4	288	1930	69473.57221240744	001000000	000010000	6.701388888888889
1586	1587	8	3.4	276	1930	66383.59197015471	001000000	000010000	6.992753623188406
1587	1588	8	3.4	240	1930	54037.90359120234	001000000	000010000	8.041666666666666
1588	1589	8	3.4	216	1930	46382.05519941432	001000000	000010000	8.935185185185185
1589	1590	8	3.4	288	1930	69473.57221240744	001000000	000010000	6.701388888888889
1590	1591	8	3.3	228	1930	48747.50342747849	100000000	000000010	8.464912280701755
1591	1592	8	3.3	252	1930	56223.71620628247	100000000	000000010	7.658730158730159
1592	1593	8	3.3	240	1930	52608.33518669295	100000000	000000010	8.041666666666666
1593	1594	8	3.3	264	1930	59186.21387924774	100000000	000000010	7.3106060606060606
1594	1595	8	3.3	216	1930	44876.44148908693	100000000	000000010	8.935185185185185
1595	1596	8	3.3	216	1930	44876.44148908693	100000000	000000010	8.935185185185185
1596	1597	8	3.3	264	1930	59186.21387924774	100000000	000000001	7.3106060606060606
1597	1598	8	3.3	264	1930	59186.21387924774	100000000	000000001	7.3106060606060606
1598	1599	8	3.3	264	1930	59186.21387924774	100000000	000000001	7.3106060606060606
1599	1600	8	3.3	240	1930	52608.33518669295	100000000	000000001	8.041666666666666
1600	1601	2	1.0	180	1640	17687.779706860973	000000001	100000000	9.11111111111111
1601	1602	2	1.0	228	1640	26033.368839333965	000000001	100000000	7.192982456140351
1602	1603	2	1.0	228	1640	26033.368839333965	000000001	100000000	7.192982456140351
1603	1604	2	3.3	204	1640	27036.78207344438	000000001	000000010	8.03921568627451
1604	1605	2	3.3	204	1640	27036.78207344438	000001000	000000010	8.03921568627451
1605	1606	2	3.3	240	1640	34452.606410932145	000000001	000000010	6.833333333333333
1606	1607	2	3.3	180	1640	21850.41842275563	000001000	000000010	9.11111111111111
1607	1608	2	3.3	192	1640	24465.633331020614	000000001	000000010	8.541666666666666
1608	1609	2	3.3	204	1640	27036.78207344438	000000001	000000010	8.03921568627451
1609	1610	2	3.3	228	1640	31729.356798540255	000001000	000000010	7.192982456140351
1610	1611	2	3.3	216	1640	29788.188674384008	000001000	000000010	7.592592592592593
1611	1612	2	3.3	180	1640	21816.23522592478	000000001	000000010	9.11111111111111
1612	1613	2	3.3	180	1640	21816.23522592478	000000001	000000010	9.11111111111111
1613	1614	2	3.3	180	1640	21850.41842275563	000001000	000000010	9.11111111111111
1614	1615	2	3.3	192	1640	24465.633331020614	000000001	000000010	8.541666666666666
1615	1616	2	3.3	228	1640	31729.356798540255	000001000	000000010	7.192982456140351
1616	1617	3	1.0	204	1640	20687.312967937767	000000001	100000000	8.03921568627451
1617	1618	3	1.0	192	1640	18810.205487681407	000000001	100000000	8.541666666666666
1618	1619	3	1.0	192	1640	18810.205487681407	000000001	100000000	8.541666666666666
1619	1620	3	1.0	216	1640	23674.409097818752	000000001	100000000	7.592592592592593
1620	1621	3	1.0	240	1640	28591.556841496436	000000001	100000000	6.833333333333333
1621	1622	3	1.0	192	1640	18810.205487681407	000000001	100000000	8.541666666666666
1622	1623	3	3.3	228	1640	31729.356798540255	000000001	000000010	7.192982456140351
1623	1624	3	3.3	216	1640	29788.188674384008	000000001	000000010	7.592592592592593
1624	1625	3	3.3	192	1640	24465.633331020614	000001000	000000010	8.541666666666666
1625	1626	3	3.3	216	1640	29788.188674384008	000001000	000000010	7.592592592592593
1626	1627	3	3.3	228	1640	31729.356798540255	000001000	000000010	7.192982456140351
1627	1628	3	3.3	204	1640	27036.78207344438	000001000	000000010	8.03921568627451
1628	1629	3	3.3	168	1640	19584.780231798642	000000001	000000010	9.761904761904763
1629	1630	3	3.3	192	1640	24465.633331020614	000000001	000000010	8.541666666666666
1630	1631	3	3.3	156	1640	18009.80074449892	000000001	000000010	10.512820512820513
1631	1632	3	3.3	192	1640	24465.633331020614	000001000	000000010	8.541666666666666
1632	1633	3	3.3	204	1640	27036.78207344438	000001000	000000010	8.03921568627451
1633	1634	3	3.3	204	1640	27036.78207344438	000001000	000000010	8.03921568627451
1634	1635	3	3.3	204	1640	27036.78207344438	000001000	000000010	8.03921568627451
1635	1636	4	2.0	180	1640	21410.92842201331	000010000	010000000	9.11111111111111
1636	1637	4	2.0	168	1640	19253.10613185443	000010000	010000000	9.761904761904763
1637	1638	4	2.0	168	1640	19253.10613185443	000010000	010000000	9.761904761904763
1638	1639	4	2.0	180	1640	21410.92842201331	000010000	010000000	9.11111111111111
1639	1640	4	2.0	168	1640	19253.10613185443	000010000	010000000	9.761904761904763
1640	1641	4	2.0	180	1640	21410.92842201331	000010000	010000000	9.11111111111111
1641	1642	4	2.0	180	1640	21410.92842201331	000010000	010000000	9.11111111111111
1642	1643	4	2.0	192	1640	24107.815978818417	000010000	010000000	8.541666666666666
1643	1644	4	2.0	180	1640	21410.92842201331	000010000	010000000	9.11111111111111
1644	1645	4	2.0	180	1640	21410.92842201331	000010000	010000000	9.11111111111111
1645	1646	4	2.0	180	1640	21410.92842201331	000010000	010000000	9.11111111111111
1646	1647	4	2.0	204	1640	26117.620776346124	000010000	010000000	8.03921568627451
1647	1648	4	2.0	180	1640	21410.92842201331	000010000	010000000	9.11111111111111
1648	1649	4	3.4	180	1640	26019.522068401224	001000000	000010000	9.11111111111111
1649	1650	4	3.4	180	1640	24976.498880265164	000000100	000010000	9.11111111111111
1650	1651	4	3.4	192	1640	27633.138446253677	000000100	000010000	8.541666666666666
1651	1652	4	3.1	180	1640	21969.379334751404	000100000	000010000	9.11111111111111
1652	1653	4	3.4	144	1640	18676.129980500755	001000000	000010000	11.38888888888889
1653	1654	4	3.4	192	1640	27633.138446253677	000000100	000010000	8.541666666666666
1654	1655	4	3.4	192	1640	28648.771124941577	001000000	000010000	8.541666666666666
1655	1656	4	3.4	180	1640	24976.498880265164	000000100	000010000	9.11111111111111
1656	1657	4	3.1	192	1640	24792.127320474607	000100000	000010000	8.541666666666666
1657	1658	4	3.4	192	1640	27633.138446253677	000000100	000010000	8.541666666666666
1658	1659	4	3.4	228	1640	37457.25914166614	001000000	000010000	7.192982456140351
1659	1660	4	3.4	252	1640	41893.353162125095	001000000	000010000	6.507936507936508
1660	1661	4	3.4	180	1640	26019.522068401224	001000000	000010000	9.11111111111111
1661	1662	4	3.4	192	1640	27633.138446253677	000000100	000010000	8.541666666666666
1662	1663	4	3.4	204	1640	31475.0708395888	001000000	000010000	8.03921568627451
1663	1664	4	3.4	240	1640	38328.38459243211	000000100	000010000	6.833333333333333
1664	1665	4	3.4	216	1640	33228.00080762926	000000100	000010000	7.592592592592593
1665	1666	4	3.1	192	1640	24792.127320474607	000100000	000010000	8.541666666666666
1666	1667	4	3.1	216	1640	30055.779901746813	000100000	000010000	7.592592592592593
1667	1668	4	3.1	204	1640	26801.932118002314	000100000	000010000	8.03921568627451
1668	1669	4	3.2	192	1640	26296.244985990543	000000010	000000010	8.541666666666666
1669	1670	4	3.3	180	1640	23855.119624934	000001000	000000010	9.11111111111111
1670	1671	4	3.3	168	1640	21541.921540597617	000001000	000000010	9.761904761904763
1671	1672	4	3.2	180	1640	23356.56607939808	000000010	000000010	9.11111111111111
1672	1673	4	3.3	192	1640	26548.309227938174	000001000	000000010	8.541666666666666
1673	1674	4	3.3	180	1640	23855.119624934	000001000	000000010	9.11111111111111
1674	1675	4	3.2	180	1640	23356.56607939808	000000010	000000010	9.11111111111111
1675	1676	4	3.2	240	1640	37146.49118630355	000000010	000000010	6.833333333333333
1676	1677	4	3.2	216	1640	31992.242373319994	000000010	000000010	7.592592592592593
1677	1678	4	3.2	192	1640	26296.244985990543	000000010	000000010	8.541666666666666
1678	1679	4	3.3	216	1640	32106.85243369436	000001000	000000010	7.592592592592593
1679	1680	4	3.2	228	1640	34193.167073802586	000000010	000000010	7.192982456140351
1680	1681	4	3.3	192	1640	26548.309227938174	000001000	000000010	8.541666666666666
1681	1682	4	3.3	192	1640	26548.309227938174	000001000	000000001	8.541666666666666
1682	1683	4	3.3	216	1640	32106.85243369436	000001000	000000001	7.592592592592593
1683	1684	4	3.3	192	1640	26548.309227938174	000001000	000000001	8.541666666666666
1684	1685	4	3.3	240	1640	37261.10124667792	000001000	000000001	6.833333333333333
1685	1686	4	3.3	180	1640	23855.119624934	000001000	000000001	9.11111111111111
1686	1687	4	3.3	192	1640	26548.309227938174	000001000	000000001	8.541666666666666
1687	1688	4	3.3	216	1640	32106.85243369436	000001000	000000001	7.592592592592593
1688	1689	4	3.3	156	1640	19966.942053297895	000001000	000000001	10.512820512820513
1689	1690	4	3.3	180	1640	23855.119624934	000001000	000000001	9.11111111111111
1690	1691	4	3.3	252	1640	39975.287325808924	000001000	000000001	6.507936507936508
1691	1692	5	3.3	216	1640	35574.498246887124	100000000	010000000	7.592592592592593
1692	1693	5	2.0	192	1640	26080.427706485716	000010000	010000000	8.541666666666666
1693	1694	5	3.3	180	1640	26748.222696499168	100000000	010000000	9.11111111111111
1694	1695	5	2.0	204	1640	28734.068336875367	000010000	010000000	8.03921568627451
1695	1696	5	2.0	216	1640	31987.916120619866	000010000	010000000	7.592592592592593
1696	1697	5	2.0	228	1640	34527.255524111606	000010000	010000000	7.192982456140351
1697	1698	5	2.0	204	1640	28734.068336875367	000010000	010000000	8.03921568627451
1698	1699	5	3.3	240	1640	41920.98288367224	100000000	010000000	6.833333333333333
1699	1700	5	3.3	180	1640	26748.222696499168	100000000	010000000	9.11111111111111
1700	1701	5	2.0	204	1640	28734.068336875367	000010000	010000000	8.03921568627451
1701	1702	5	3.3	216	1640	35574.498246887124	100000000	010000000	7.592592592592593
1702	1703	5	2.0	168	1640	20980.84456554308	000010000	010000000	9.761904761904763
1703	1704	5	3.3	168	1640	23069.241159547626	100000000	010000000	9.761904761904763
1704	1705	5	3.3	192	1640	29533.034655115738	100000000	010000000	8.541666666666666
1705	1706	5	3.3	168	1640	23069.241159547626	100000000	010000000	9.761904761904763
1706	1707	5	3.3	204	1640	32674.450849649125	100000000	010000000	8.03921568627451
1707	1708	5	2.0	228	1640	34527.255524111606	000010000	010000000	7.192982456140351
1708	1709	5	3.3	204	1640	32674.450849649125	100000000	010000000	8.03921568627451
1709	1710	5	2.0	180	1640	23138.66685570196	000010000	001000000	9.11111111111111
1710	1711	5	2.0	228	1640	34527.255524111606	000010000	001000000	7.192982456140351
1711	1712	5	2.0	192	1640	26080.427706485716	000010000	001000000	8.541666666666666
1712	1713	5	2.0	156	1640	19640.186733006765	000010000	001000000	10.512820512820513
1713	1714	5	2.0	204	1640	28734.068336875367	000010000	001000000	8.03921568627451
1714	1715	5	2.0	204	1640	28734.068336875367	000010000	001000000	8.03921568627451
1715	1716	5	3.4	216	1640	36866.75575443582	001000000	000010000	7.592592592592593
1716	1717	5	3.4	192	1640	30664.41373585967	001000000	000010000	8.541666666666666
1717	1718	5	3.4	192	1640	30664.41373585967	001000000	000001000	8.541666666666666
1718	1719	5	3.4	156	1640	22481.844450122182	001000000	000001000	10.512820512820513
1719	1720	5	3.4	240	1640	43159.37536304019	001000000	000001000	6.833333333333333
1720	1721	5	3.4	168	1640	24115.195376538628	001000000	000001000	9.761904761904763
1721	1722	5	3.4	216	1640	36866.75575443582	001000000	000001000	7.592592592592593
1722	1723	5	3.4	216	1640	36866.75575443582	001000000	000001000	7.592592592592593
1723	1724	5	3.4	216	1640	36866.75575443582	001000000	000001000	7.592592592592593
1724	1725	5	3.4	228	1640	40375.87373707362	001000000	000001000	7.192982456140351
1725	1726	5	3.4	180	1640	27890.159653487415	001000000	000000100	9.11111111111111
1726	1727	5	3.4	240	1640	43159.37536304019	001000000	000000100	6.833333333333333
1727	1728	5	3.4	204	1640	33906.54690917504	001000000	000000100	8.03921568627451
1728	1729	5	3.4	180	1640	27890.159653487415	001000000	000000100	9.11111111111111
1729	1730	5	3.4	204	1640	33906.54690917504	001000000	000000100	8.03921568627451
1730	1731	5	3.4	216	1640	36866.75575443582	001000000	000000100	7.592592592592593
1731	1732	5	3.4	228	1640	40375.87373707362	001000000	000000100	7.192982456140351
1732	1733	5	3.4	216	1640	36866.75575443582	001000000	000000100	7.592592592592593
1733	1734	5	3.4	204	1640	33906.54690917504	001000000	000000100	8.03921568627451
1734	1735	5	3.3	216	1640	35766.68163051904	100000000	000000010	7.592592592592593
1735	1736	5	3.3	204	1640	32866.63423328102	100000000	000000010	8.03921568627451
1736	1737	5	3.3	204	1640	32866.63423328102	100000000	000000010	8.03921568627451
1737	1738	5	3.3	204	1640	32866.63423328102	100000000	000000001	8.03921568627451
1738	1739	5	3.3	204	1640	32866.63423328102	100000000	000000001	8.03921568627451
1739	1740	5	3.3	192	1640	29725.218038747644	100000000	000000001	8.541666666666666
1740	1741	5	3.3	216	1640	35766.68163051904	100000000	000000001	7.592592592592593
1741	1742	5	3.3	192	1640	29725.218038747644	100000000	000000001	8.541666666666666
1742	1743	5	3.3	204	1640	32866.63423328102	100000000	000000001	8.03921568627451
1743	1744	6	3.4	204	1640	35340.680225120894	001000000	000010000	8.03921568627451
1744	1745	6	3.4	180	1640	29661.13754001959	001000000	000010000	9.11111111111111
1745	1746	6	3.4	180	1640	29661.13754001959	001000000	000010000	9.11111111111111
1746	1747	6	3.4	192	1640	32824.092122419715	001000000	000010000	8.541666666666666
1747	1748	6	3.3	192	1640	32072.855973427093	100000000	000000010	8.541666666666666
1748	1749	6	3.3	180	1640	28873.351354011276	100000000	000000010	9.11111111111111
1749	1750	6	3.3	204	1640	34522.40799472404	100000000	000000010	8.03921568627451
1750	1751	6	3.3	204	1640	34522.40799472404	100000000	000000001	8.03921568627451
1751	1752	6	3.3	204	1640	34522.40799472404	100000000	000000001	8.03921568627451
1752	1753	6	3.3	168	1640	25126.51792362911	100000000	000000001	9.761904761904763
1753	1754	7	1.0	204	1640	32545.16054155015	010000000	000100000	8.03921568627451
1754	1755	7	1.0	168	1640	22694.344286349162	010000000	000100000	9.761904761904763
1755	1756	7	1.0	180	1640	26469.30856329795	010000000	000100000	9.11111111111111
1756	1757	7	1.0	156	1640	21050.88887127973	010000000	000100000	10.512820512820513
1757	1758	7	1.0	192	1640	29686.615657542912	010000000	000100000	8.541666666666666
1758	1759	7	1.0	168	1640	22694.344286349162	010000000	000100000	9.761904761904763
1759	1760	7	1.0	192	1640	29686.615657542912	010000000	000100000	8.541666666666666
1760	1761	7	3.4	180	1640	32144.9106624589	001000000	000010000	9.11111111111111
1761	1762	7	3.4	180	1640	32144.9106624589	001000000	000010000	9.11111111111111
1762	1763	7	3.4	192	1640	35631.5786554561	001000000	000010000	8.541666666666666
1763	1764	7	3.4	204	1640	39413.136519096624	001000000	000010000	8.03921568627451
1764	1765	7	3.4	180	1640	32144.9106624589	001000000	000010000	9.11111111111111
1765	1766	7	3.4	252	1640	53856.483899773106	001000000	000010000	6.507936507936508
1766	1767	7	3.3	204	1640	37967.684256792	100000000	000000010	8.03921568627451
1767	1768	7	3.3	192	1640	34253.162474555684	100000000	000000010	8.541666666666666
1768	1769	7	3.3	180	1640	31102.540133164253	100000000	000000010	9.11111111111111
1769	1770	7	3.3	192	1640	34253.162474555684	100000000	000000010	8.541666666666666
1770	1771	7	3.3	204	1640	37967.684256792	100000000	000000010	8.03921568627451
1771	1772	7	3.3	180	1640	31102.540133164253	100000000	000000010	9.11111111111111
1772	1773	7	3.3	168	1640	27327.575856215466	100000000	000000010	9.761904761904763
1773	1774	7	3.3	192	1640	34253.162474555684	100000000	000000010	8.541666666666666
1774	1775	7	3.3	192	1640	34253.162474555684	100000000	000000001	8.541666666666666
1775	1776	7	3.3	204	1640	37967.684256792	100000000	000000001	8.03921568627451
1776	1777	7	3.3	204	1640	37967.684256792	100000000	000000001	8.03921568627451
1777	1778	7	3.3	192	1640	34253.162474555684	100000000	000000001	8.541666666666666
1778	1779	7	3.3	216	1640	41355.22278419087	100000000	000000001	7.592592592592593
1779	1780	7	3.3	204	1640	37967.684256792	100000000	000000001	8.03921568627451
1780	1781	7	3.3	180	1640	31102.540133164253	100000000	000000001	9.11111111111111
1781	1782	7	3.3	216	1640	41355.22278419087	100000000	000000001	7.592592592592593
1782	1783	8	1.0	180	1640	26469.30856329795	010000000	000100000	9.11111111111111
1783	1784	8	1.0	204	1640	32545.16054155015	010000000	000100000	8.03921568627451
1784	1785	8	3.4	228	1640	46666.33269444124	001000000	000010000	7.192982456140351
1785	1786	8	3.4	180	1640	32144.9106624589	001000000	000010000	9.11111111111111
1786	1787	8	3.4	192	1640	35631.5786554561	001000000	000010000	8.541666666666666
1787	1788	8	3.4	192	1640	35631.5786554561	001000000	000010000	8.541666666666666
1788	1789	8	3.4	192	1640	35631.5786554561	001000000	000010000	8.541666666666666
1789	1790	8	3.4	192	1640	35631.5786554561	001000000	000010000	8.541666666666666
1790	1791	8	3.3	192	1640	34253.162474555684	100000000	000000010	8.541666666666666
1791	1792	8	3.3	204	1640	37967.684256792	100000000	000000010	8.03921568627451
1792	1793	8	3.3	192	1640	34253.162474555684	100000000	000000010	8.541666666666666
1793	1794	8	3.3	192	1640	34253.162474555684	100000000	000000010	8.541666666666666
1794	1795	8	3.3	192	1640	34253.162474555684	100000000	000000010	8.541666666666666
1795	1796	8	3.3	204	1640	37967.684256792	100000000	000000010	8.03921568627451
1796	1797	8	3.3	204	1640	37967.684256792	100000000	000000001	8.03921568627451
1797	1798	8	3.3	204	1640	37967.684256792	100000000	000000001	8.03921568627451
1798	1799	8	3.3	180	1640	31102.540133164253	100000000	000000001	9.11111111111111
1799	1800	8	3.3	192	1640	34253.162474555684	100000000	000000001	8.541666666666666
1800	1801	2	1.0	108	890	9411.029466060023	000000001	100000000	8.24074074074074
1801	1802	2	1.0	108	890	9411.029466060023	000000001	100000000	8.24074074074074
1802	1803	2	1.0	84	890	7126.3864448827335	000000001	100000000	10.595238095238095
1803	1804	2	3.3	84	890	10418.247521183248	000000001	000000010	10.595238095238095
1804	1805	2	3.3	120	890	14399.29745280637	000001000	000000010	7.416666666666667
1805	1806	2	3.3	84	890	10418.247521183248	000000001	000000010	10.595238095238095
1806	1807	2	3.3	108	890	12833.434262222241	000001000	000000010	8.24074074074074
1807	1808	2	3.3	120	890	14365.11425597552	000000001	000000010	7.416666666666667
1808	1809	2	3.3	72	890	10041.794625502496	000000001	000000010	12.36111111111111
1809	1810	2	3.3	96	890	11489.36728244221	000001000	000000010	9.270833333333334
1810	1811	2	3.3	108	890	12833.434262222241	000001000	000000010	8.24074074074074
1811	1812	2	3.3	96	890	11501.449425985684	000000001	000000010	9.270833333333334
1812	1813	2	3.3	108	890	12799.251065391392	000000001	000000010	8.24074074074074
1813	1814	2	3.3	108	890	12833.434262222241	000001000	000000010	8.24074074074074
1814	1815	2	3.3	108	890	12799.251065391392	000000001	000000010	8.24074074074074
1815	1816	2	3.3	108	890	12833.434262222241	000001000	000000010	8.24074074074074
1819	1820	3	1.0	120	890	10757.462892482006	000000001	100000000	7.416666666666667
1826	1827	3	3.3	96	890	11489.36728244221	000001000	000000010	9.270833333333334
1848	1849	4	3.4	108	890	13973.630513430839	001000000	000010000	8.24074074074074
1850	1851	4	3.4	108	890	14326.261170876413	000000100	000010000	8.24074074074074
1856	1857	4	3.1	132	890	15152.16867243799	000100000	000010000	6.742424242424242
1858	1859	4	3.4	120	890	15564.204205022348	001000000	000010000	7.416666666666667
1876	1877	4	3.2	96	890	11884.81506499042	000000010	000000010	9.270833333333334
1879	1880	4	3.2	108	890	13286.27685596887	000000010	000000010	8.24074074074074
1890	1891	4	3.3	108	890	13647.37621993152	000001000	000000001	8.24074074074074
1899	1900	5	3.3	108	890	14635.590547843363	100000000	010000000	8.24074074074074
1912	1913	5	2.0	108	890	13131.119819064697	000010000	001000000	8.24074074074074
1913	1914	5	2.0	108	890	13131.119819064697	000010000	001000000	8.24074074074074
1915	1916	5	3.4	96	890	14001.482897657004	001000000	000010000	9.270833333333334
1918	1919	5	3.4	108	890	15434.56135134774	001000000	000001000	8.24074074074074
1930	1931	5	3.4	108	890	15390.1992365054	001000000	000000100	8.24074074074074
1943	1944	6	3.4	120	890	18423.38210724584	001000000	000010000	7.416666666666667
1944	1945	6	3.4	108	890	16725.7702009224	001000000	000010000	8.24074074074074
1945	1946	6	3.4	108	890	16725.7702009224	001000000	000010000	8.24074074074074
1948	1949	6	3.3	96	890	14613.090095097981	100000000	000000010	9.270833333333334
1950	1951	6	3.3	108	890	16132.000943168832	100000000	000000001	8.24074074074074
1959	1960	7	1.0	96	890	13146.942218544298	010000000	000100000	9.270833333333334
1961	1962	7	3.4	96	890	17023.373623196025	001000000	000010000	9.270833333333334
1971	1972	7	3.3	120	890	19482.13363826832	100000000	000000010	7.416666666666667
1972	1973	7	3.3	132	890	21360.01096046137	100000000	000000010	6.742424242424242
1979	1980	7	3.3	120	890	19482.13363826832	100000000	000000001	7.416666666666667
1982	1983	8	1.0	108	890	14520.624734688541	010000000	000100000	8.24074074074074
1983	1984	8	1.0	108	890	14520.624734688541	010000000	000100000	8.24074074074074
1984	1985	8	3.4	96	890	17023.373623196025	001000000	000010000	9.270833333333334
1985	1986	8	3.4	96	890	17023.373623196025	001000000	000010000	9.270833333333334
1986	1987	8	3.4	120	890	20233.917619281132	001000000	000010000	7.416666666666667
1987	1988	8	3.4	96	890	17023.373623196025	001000000	000010000	9.270833333333334
1988	1989	8	3.4	96	890	17023.373623196025	001000000	000010000	9.270833333333334
1989	1990	8	3.4	108	890	18493.416662371113	001000000	000010000	8.24074074074074
1990	1991	8	3.3	108	890	17766.343182365687	100000000	000000010	8.24074074074074
1991	1992	8	3.3	108	890	17766.343182365687	100000000	000000010	8.24074074074074
1992	1993	8	3.3	96	890	16296.300143190587	100000000	000000010	9.270833333333334
1993	1994	8	3.3	120	890	19482.13363826832	100000000	000000010	7.416666666666667
1994	1995	8	3.3	96	890	16296.300143190587	100000000	000000010	9.270833333333334
1995	1996	8	3.3	120	890	19482.13363826832	100000000	000000010	7.416666666666667
1996	1997	8	3.3	96	890	16296.300143190587	100000000	000000001	9.270833333333334
1997	1998	8	3.3	96	890	16296.300143190587	100000000	000000001	9.270833333333334
1998	1999	8	3.3	120	890	19482.13363826832	100000000	000000001	7.416666666666667
1999	2000	8	3.3	120	890	19482.13363826832	100000000	000000001	7.416666666666667
2000	2001	2	1.0	156	1200	14502.935552405994	000000001	100000000	7.6923076923076925
2001	2002	2	1.0	156	1200	14502.935552405994	000000001	100000000	7.6923076923076925
2002	2003	2	1.0	144	1200	12677.043681097322	000000001	100000000	8.333333333333334
2003	2004	2	3.3	132	1200	15569.824815678427	000000001	000000010	9.090909090909092
2004	2005	2	3.3	144	1200	16402.97238890991	000001000	000000010	8.333333333333334
2005	2006	2	3.3	192	1200	24375.231485507407	000000001	000000010	6.25
2006	2007	2	3.3	156	1200	18228.864260218583	000001000	000000010	7.6923076923076925
2007	2008	2	3.3	144	1200	16368.789192079057	000000001	000000010	8.333333333333334
2008	2009	2	3.3	144	1200	16368.789192079057	000000001	000000010	8.333333333333334
2009	2010	2	3.3	108	1200	12445.900635778027	000001000	000000010	11.11111111111111
2010	2011	2	3.3	144	1200	16402.97238890991	000001000	000000010	8.333333333333334
2011	2012	2	3.3	144	1200	16368.789192079057	000000001	000000010	8.333333333333334
2012	2013	2	3.3	132	1200	15569.824815678427	000000001	000000010	9.090909090909092
2013	2014	2	3.3	144	1200	16402.97238890991	000001000	000000010	8.333333333333334
2014	2015	2	3.3	156	1200	18194.681063387732	000000001	000000010	7.6923076923076925
2015	2016	2	3.3	120	1200	14355.808441438943	000001000	000000010	10.0
2019	2020	3	1.0	132	1200	11878.0793046967	000000001	100000000	9.090909090909092
2026	2027	3	3.3	168	1200	19594.230872120985	000001000	000000010	7.142857142857143
2048	2049	4	3.4	144	1200	18563.369486519205	001000000	000010000	8.333333333333334
2050	2051	4	3.4	144	1200	18916.000143964768	000000100	000010000	8.333333333333334
2056	2057	4	3.1	144	1200	16522.441141889398	000100000	000010000	8.333333333333334
2058	2059	4	3.4	144	1200	18563.369486519205	001000000	000010000	8.333333333333334
2076	2077	4	3.2	156	1200	19370.76689800244	000000010	000000010	7.6923076923076925
2079	2080	4	3.2	120	1200	14671.196853612299	000000010	000000010	10.0
2090	2091	4	3.3	156	1200	19869.32044353836	000001000	000000001	7.6923076923076925
2099	2100	5	3.3	156	1200	21270.57900623525	100000000	010000000	7.6923076923076925
2112	2113	5	2.0	156	1200	19590.755665440578	000010000	001000000	7.6923076923076925
2113	2114	5	2.0	156	1200	19590.755665440578	000010000	001000000	7.6923076923076925
2115	2116	5	3.4	132	1200	18864.15382966783	001000000	000010000	9.090909090909092
2118	2119	5	3.4	156	1200	22333.03407420602	001000000	000001000	7.6923076923076925
2130	2131	5	3.4	144	1200	20268.223661467928	001000000	000000100	8.333333333333334
2143	2144	6	3.4	132	1200	20262.4008939744	001000000	000010000	9.090909090909092
2144	2145	6	3.4	132	1200	20262.4008939744	001000000	000010000	9.090909090909092
2145	2146	6	3.4	108	1200	16689.417679920305	001000000	000010000	11.11111111111111
2148	2149	6	3.3	144	1200	21041.757531195784	100000000	000000010	8.333333333333334
2150	2151	6	3.3	144	1200	21041.757531195784	100000000	000000001	8.333333333333334
2159	2160	7	1.0	144	1200	18970.84124449866	010000000	000100000	8.333333333333334
2161	2162	7	3.4	144	1200	24023.103590612736	001000000	000010000	8.333333333333334
2171	2172	7	3.3	120	1200	19492.613205617738	100000000	000000010	10.0
2172	2173	7	3.3	144	1200	23147.324075317192	100000000	000000010	8.333333333333334
2179	2180	7	3.3	144	1200	23147.324075317192	100000000	000000001	8.333333333333334
2182	2183	8	1.0	168	1200	22599.972995542008	010000000	000100000	7.142857142857143
2183	2184	8	1.0	132	1200	17737.00907418757	010000000	000100000	9.090909090909092
2184	2185	8	3.4	180	1200	31619.135305792894	001000000	000010000	6.666666666666667
2185	2186	8	3.4	144	1200	24023.103590612736	001000000	000010000	8.333333333333334
2186	2187	8	3.4	144	1200	24023.103590612736	001000000	000010000	8.333333333333334
2187	2188	8	3.4	156	1200	26277.004337602233	001000000	000010000	7.6923076923076925
2188	2189	8	3.4	144	1200	24023.103590612736	001000000	000010000	8.333333333333334
2189	2190	8	3.4	156	1200	26277.004337602233	001000000	000010000	7.6923076923076925
2190	2191	8	3.3	144	1200	23147.324075317192	100000000	000000010	8.333333333333334
2191	2192	8	3.3	156	1200	25401.22482230669	100000000	000000010	7.6923076923076925
2192	2193	8	3.3	120	1200	19492.613205617738	100000000	000000010	10.0
2193	2194	8	3.3	144	1200	23147.324075317192	100000000	000000010	8.333333333333334
2194	2195	8	3.3	132	1200	21392.670805448062	100000000	000000010	9.090909090909092
2195	2196	8	3.3	120	1200	19492.613205617738	100000000	000000010	10.0
2196	2197	8	3.3	168	1200	27059.4655959926	100000000	000000001	7.142857142857143
2197	2198	8	3.3	144	1200	23147.324075317192	100000000	000000001	8.333333333333334
2198	2199	8	3.3	132	1200	21392.670805448062	100000000	000000001	9.090909090909092
2199	2200	8	3.3	108	1200	17720.067240613982	100000000	000000001	11.11111111111111
2200	2201	2	1.0	168	1500	15523.404040769543	000000001	100000000	8.928571428571429
2201	2202	2	1.0	180	1500	17724.715342295854	000000001	100000000	8.333333333333334
2202	2203	2	1.0	168	1500	15523.404040769543	000000001	100000000	8.928571428571429
2203	2204	2	3.3	192	1500	24459.07995508807	000000001	000000010	7.8125
2204	2205	2	3.3	168	1500	19612.41005269695	000001000	000000010	8.928571428571429
2205	2206	2	3.3	180	1500	21853.17086135966	000000001	000000010	8.333333333333334
2206	2207	2	3.3	192	1500	24459.07995508807	000001000	000000010	7.8125
2207	2208	2	3.3	156	1500	18212.860243963696	000000001	000000010	9.615384615384615
2208	2209	2	3.3	192	1500	24459.07995508807	000000001	000000010	7.8125
2209	2210	2	3.3	180	1500	21887.35405819051	000001000	000000010	8.333333333333334
2210	2211	2	3.3	204	1500	27030.228697511837	000001000	000000010	7.352941176470588
2211	2212	2	3.3	204	1500	27030.228697511837	000000001	000000010	7.352941176470588
2212	2213	2	3.3	180	1500	21853.17086135966	000000001	000000010	8.333333333333334
2213	2214	2	3.3	204	1500	27030.228697511837	000001000	000000010	7.352941176470588
2214	2215	2	3.3	216	1500	29759.45502081419	000000001	000000010	6.944444444444445
2215	2216	2	3.3	156	1500	18247.043440794547	000001000	000000010	9.615384615384615
2219	2220	3	1.0	204	1500	20680.759592005223	000000001	100000000	7.352941176470588
2226	2227	3	3.3	168	1500	19612.41005269695	000001000	000000010	8.928571428571429
2248	2249	4	3.4	180	1500	25674.576466837785	001000000	000010000	8.333333333333334
2250	2251	4	3.4	144	1500	18934.17932454073	000000100	000010000	10.416666666666666
2256	2257	4	3.1	204	1500	26512.876813421422	000100000	000010000	7.352941176470588
2258	2259	4	3.4	192	1500	28287.72702145887	001000000	000010000	7.8125
2276	2277	4	3.2	168	1500	20754.312690480805	000000010	000000010	8.928571428571429
2279	2280	4	3.2	156	1500	19388.946078578403	000000010	000000010	9.615384615384615
2290	2291	4	3.3	192	1500	26259.253923357282	000001000	000000001	7.8125
2299	2300	5	3.3	168	1500	22765.19071307914	100000000	010000000	8.928571428571429
2312	2313	5	2.0	204	1500	28430.01789040688	000010000	001000000	7.352941176470588
2313	2314	5	2.0	180	1500	22851.527351332214	000010000	001000000	8.333333333333334
2315	2316	5	3.4	204	1500	33530.50766380474	001000000	000010000	7.352941176470588
2318	2319	5	3.4	180	1500	27503.640840767697	001000000	000001000	8.333333333333334
2330	2331	5	3.4	204	1500	33530.50766380474	001000000	000000100	7.352941176470588
2343	2344	6	3.4	168	1500	25670.817759690915	001000000	000010000	8.928571428571429
2344	2345	6	3.4	204	1500	35125.32472174101	001000000	000010000	7.352941176470588
2345	2346	6	3.4	180	1500	29435.302469290284	001000000	000010000	8.333333333333334
2348	2349	6	3.3	156	1500	23326.730398997115	100000000	000000010	9.615384615384615
2350	2351	6	3.3	156	1500	23326.730398997115	100000000	000000001	9.615384615384615
2359	2360	7	1.0	168	1500	22550.977581871088	010000000	000100000	8.928571428571429
2361	2362	7	3.4	168	1500	27968.9145845889	001000000	000010000	8.928571428571429
2371	2372	7	3.3	180	1500	30948.69386133676	100000000	000000010	8.333333333333334
2372	2373	7	3.3	192	1500	34109.79577007762	100000000	000000010	7.8125
2379	2380	7	3.3	192	1500	34109.79577007762	100000000	000000001	7.8125
2382	2383	8	1.0	168	1500	22550.977581871088	010000000	000100000	8.928571428571429
2383	2384	8	1.0	168	1500	22550.977581871088	010000000	000100000	8.928571428571429
2384	2385	8	3.4	204	1500	39012.10471817541	001000000	000010000	7.352941176470588
2385	2386	8	3.4	180	1500	31733.399294188268	001000000	000010000	8.333333333333334
2386	2387	8	3.4	204	1500	39012.10471817541	001000000	000010000	7.352941176470588
2387	2388	8	3.4	180	1500	31733.399294188268	001000000	000010000	8.333333333333334
2388	2389	8	3.4	168	1500	27968.9145845889	001000000	000010000	8.928571428571429
2389	2390	8	3.4	204	1500	39012.10471817541	001000000	000010000	7.352941176470588
2390	2391	8	3.3	168	1500	27184.209151737392	100000000	000000010	8.928571428571429
2391	2392	8	3.3	144	1500	23272.067631061986	100000000	000000010	10.416666666666666
2392	2393	8	3.3	192	1500	34109.79577007762	100000000	000000010	7.8125
2393	2394	8	3.3	168	1500	27184.209151737392	100000000	000000010	8.928571428571429
2394	2395	8	3.3	180	1500	30948.69386133676	100000000	000000010	8.333333333333334
2395	2396	8	3.3	180	1500	30948.69386133676	100000000	000000010	8.333333333333334
2396	2397	8	3.3	180	1500	30948.69386133676	100000000	000000001	8.333333333333334
2397	2398	8	3.3	156	1500	25525.968378051482	100000000	000000001	9.615384615384615
2398	2399	8	3.3	192	1500	34109.79577007762	100000000	000000001	7.8125
2399	2400	8	3.3	192	1500	34109.79577007762	100000000	000000001	7.8125
